Date,Category,Product,START_OF_DAY,MADE_TODAY,AVAILABLE_TO_SELL,OUT_THE_DOOR,ORDERS_TODAY,REMOVED_AS_DAY_OLD,LEFT
2016-02-01,BREAD,H,0,33,33,17,1,0,15
2016-02-01,BREAD,FR,0,21,21,16,0,0,5
2016-02-01,BREAD,GW,0,5,5,4,1,0,0
2016-02-01,BREAD,DK,0,24,24,11,2,0,11
2016-02-01,BREAD,H5,0,0,0,0,0,0,0
2016-02-01,BREAD,CSWRL,0,24,24,12,0,0,12
2016-02-01,BREAD,cb,0,0,0,0,0,0,0
2016-02-01,BREAD,bfb,0,0,0,0,0,0,0
2016-02-01,BREAD,Cne,0,19,19,8,0,0,11
2016-02-01,BREAD,CnR,0,4,4,3,1,0,0
2016-02-01,BREAD,CnW,0,4,4,1,0,0,3
2016-02-01,BREAD,cg,0,16,16,7,0,0,9
2016-02-01,BREAD,cg-jal,0,4,4,2,0,0,2
2016-02-01,BREAD,vs,0,0,0,0,0,0,0
2016-02-01,BREAD,IHF,0,0,0,0,0,0,0
2016-02-01,BREAD,car,0,13,13,4,1,0,8
2016-02-01,BREAD,gluten-X,0,0,0,0,0,0,0
2016-02-01,BREAD,Glut-X Cin,0,0,0,0,0,0,0
2016-02-01,BREAD,H-RLS,0,3,3,1,0,0,2
2016-02-01,BREAD,FR-RLS,0,4,4,0,0,0,4
2016-02-01,BREAD,VS-RLS,0,0,0,0,0,0,0
2016-02-01,BREAD,Blue Stru,0,4,4,1,0,0,3
2016-02-01,BREAD,Red Velvet,0,6,6,3,0,0,3
2016-02-01,BREAD,Choc Carm,0,4,4,1,0,0,3
2016-02-01,BREAD,Red V Heart,0,3,3,0,0,0,3
2016-02-01,BREAD,Choc Heart,0,3,3,1,0,0,2
2016-02-01,ROLLS,Cinnamon,0,24,24,24,0,0,0
2016-02-01,ROLLS,Mini C-Roll,0,0,0,0,0,0,0
2016-02-01,SCONES,Cherry,0,12,12,12,0,0,0
2016-02-01,SCONES,Blueberry,0,0,0,0,0,0,0
2016-02-01,SCONES,Butt Almd,0,0,0,0,0,0,0
2016-02-01,SCONES,Choc Chip,0,12,12,7,0,5,0
2016-02-01,SCONES,Cin Chip,0,0,0,0,0,0,0
2016-02-01,FRUIT BARS,Blueberry,0,48,48,1,40,7,0
2016-02-01,FRUIT BARS,Cherry,0,4,4,4,0,0,0
2016-02-01,FRUIT BARS,Cherry-White,0,48,48,4,40,4,0
2016-02-01,FRUIT BARS,Apple Cin,0,0,0,0,0,0,0
2016-02-01,MUFFINS,Blue Stru,0,5,5,5,0,0,0
2016-02-01,MUFFINS,Red Velvet,0,7,7,4,0,3,0
2016-02-01,MUFFINS,Choc Carm,0,5,5,5,0,0,0
2016-02-01,COOKIES/BARS,Oatmeal CC,0,30,30,11,11,0,8
2016-02-01,COOKIES/BARS,Peanut Butt,0,12,12,12,0,0,0
2016-02-01,COOKIES/BARS,PB Choc,0,12,12,10,0,0,2
2016-02-01,COOKIES/BARS,Triple Choc,0,30,30,5,10,0,15
2016-02-01,COOKIES/BARS,SnickerDoodle,0,30,30,17,10,0,3
2016-02-01,COOKIES/BARS,frosted,0,8,8,8,0,0,0
2016-02-01,COOKIES/BARS,EYE Cookies,0,180,180,0,180,0,0
2016-02-01,COOKIES/BARS,Totals,0,467,443,105,291,19,28
2016-02-02,BREAD,H,15,22,37,15,0,0,22
2016-02-02,BREAD,FR,5,43,48,10,20,0,18
2016-02-02,BREAD,GW,0,15,15,3,0,0,12
2016-02-02,BREAD,DK,11,0,11,11,0,0,0
2016-02-02,BREAD,H5,0,19,19,7,0,0,12
2016-02-02,BREAD,CSWRL,12,12,24,16,0,0,8
2016-02-02,BREAD,cb,0,0,0,0,0,0,0
2016-02-02,BREAD,bfb,0,15,15,4,0,0,11
2016-02-02,BREAD,Cne,11,0,11,11,0,0,0
2016-02-02,BREAD,CnR,0,0,0,0,0,0,0
2016-02-02,BREAD,CnW,3,0,3,3,0,0,0
2016-02-02,BREAD,cg,9,0,9,6,0,3,0
2016-02-02,BREAD,cg-jal,2,0,2,2,0,0,0
2016-02-02,BREAD,vs,0,17,17,8,0,0,9
2016-02-02,BREAD,IHF,0,0,0,0,0,0,0
2016-02-02,BREAD,car,8,0,8,6,0,2,0
2016-02-02,BREAD,gluten-X,0,0,0,0,0,0,0
2016-02-02,BREAD,Glut-X Cin,0,0,0,0,0,0,0
2016-02-02,BREAD,H-RLS,2,6,8,0,4,2,2
2016-02-02,BREAD,FR-RLS,4,6,10,4,4,2,0
2016-02-02,BREAD,VS-RLS,0,8,8,1,4,0,3
2016-02-02,BREAD,Blue Stru,3,0,3,2,0,1,0
2016-02-02,BREAD,Red Velvet,3,3,6,4,0,1,1
2016-02-02,BREAD,Choc Carm,3,0,3,3,0,0,0
2016-02-02,BREAD,Red V Heart,3,0,3,1,0,2,0
2016-02-02,BREAD,Choc Heart,2,0,2,0,0,2,0
2016-02-02,ROLLS,Cinnamon,0,24,24,20,0,4,0
2016-02-02,ROLLS,Mini C-Roll,0,0,0,0,0,0,0
2016-02-02,SCONES,Cherry,0,0,0,0,0,0,0
2016-02-02,SCONES,Blueberry,0,24,24,18,6,0,0
2016-02-02,SCONES,Butt Almd,0,0,0,0,0,0,0
2016-02-02,SCONES,Choc Chip,0,12,12,9,0,3,0
2016-02-02,SCONES,Cin Chip,0,0,0,0,0,0,0
2016-02-02,FRUIT BARS,Blueberry,0,0,0,0,0,0,0
2016-02-02,FRUIT BARS,Cherry,0,0,0,0,0,0,0
2016-02-02,FRUIT BARS,Cherry-White,0,10,10,4,0,6,0
2016-02-02,FRUIT BARS,Apple Cin,0,50,50,10,40,0,0
2016-02-02,MUFFINS,Blue Stru,0,6,6,6,0,0,0
2016-02-02,MUFFINS,Red Velvet,0,6,6,5,0,1,0
2016-02-02,MUFFINS,Choc Carm,0,6,6,2,0,4,0
2016-02-02,COOKIES/BARS,Oatmeal CC,8,30,38,18,17,3,0
2016-02-02,COOKIES/BARS,Peanut Butt,0,12,12,1,0,0,11
2016-02-02,COOKIES/BARS,PB Choc,2,12,14,14,0,0,0
2016-02-02,COOKIES/BARS,Triple Choc,15,18,33,17,16,0,0
2016-02-02,COOKIES/BARS,SnickerDoodle,3,36,39,19,17,3,0
2016-02-02,COOKIES/BARS,frosted,0,8,8,2,0,0,6
2016-02-02,COOKIES/BARS,Kahuna,0,40,40,0,40,0,0
2016-02-02,COOKIES/BARS,Totals,28,294,298,125,136,20,17
2016-02-03,BREAD,H,22,17,39,15,0,0,24
2016-02-03,BREAD,FR,18,12,30,17,0,0,13
2016-02-03,BREAD,GW,12,4,16,6,0,6,4
2016-02-03,BREAD,DK,0,29,29,17,0,0,12
2016-02-03,BREAD,H5,12,0,12,5,0,0,7
2016-02-03,BREAD,CSWRL,8,16,24,13,0,0,11
2016-02-03,BREAD,cb,0,0,0,0,0,0,0
2016-02-03,BREAD,bfb,11,0,11,10,0,1,0
2016-02-03,BREAD,Cne,0,23,23,7,0,0,16
2016-02-03,BREAD,CnR,0,4,4,3,0,0,1
2016-02-03,BREAD,CnW,0,4,4,2,0,0,2
2016-02-03,BREAD,cg,0,18,18,3,0,0,15
2016-02-03,BREAD,cg-jal,0,4,4,1,0,0,3
2016-02-03,BREAD,vs,9,0,9,6,0,3,0
2016-02-03,BREAD,IHF,0,0,0,0,0,0,0
2016-02-03,BREAD,car,0,23,23,14,9,0,0
2016-02-03,BREAD,gluten-X,0,0,0,0,0,0,0
2016-02-03,BREAD,Glut-X Cin,0,0,0,0,0,0,0
2016-02-03,BREAD,H-RLS,2,4,6,2,0,0,4
2016-02-03,BREAD,FR-RLS,0,3,3,3,0,0,0
2016-02-03,BREAD,VS-RLS,3,0,3,0,0,3,0
2016-02-03,BREAD,Blue Stru,0,4,4,3,0,0,1
2016-02-03,BREAD,Red Velvet,1,5,6,5,0,0,1
2016-02-03,BREAD,Choc Carm,0,4,4,1,0,0,3
2016-02-03,BREAD,Red V Heart,0,2,2,2,0,0,0
2016-02-03,BREAD,Choc Heart,0,2,2,1,0,0,1
2016-02-03,ROLLS,Cinnamon,0,24,24,24,0,0,0
2016-02-03,ROLLS,Mini C-Roll,0,0,0,0,0,0,0
2016-02-03,SCONES,Cherry,0,22,22,18,0,4,0
2016-02-03,SCONES,Blueberry,0,0,0,0,0,0,0
2016-02-03,SCONES,Butt Almd,0,0,0,0,0,0,0
2016-02-03,SCONES,Choc Chip,0,0,0,0,0,0,0
2016-02-03,SCONES,Cin Chip,0,9,9,9,0,0,0
2016-02-03,FRUIT BARS,Blueberry,0,10,10,10,0,0,0
2016-02-03,FRUIT BARS,Cherry,0,10,10,9,0,1,0
2016-02-03,FRUIT BARS,Cherry-White,0,10,10,10,0,0,0
2016-02-03,FRUIT BARS,Apple Cin,0,10,10,10,0,0,0
2016-02-03,MUFFINS,Blue Stru,0,6,6,6,0,0,0
2016-02-03,MUFFINS,Red Velvet,0,6,6,5,0,1,0
2016-02-03,MUFFINS,Choc Carm,0,6,6,5,0,1,0
2016-02-03,COOKIES/BARS,Oatmeal CC,0,30,30,16,8,0,6
2016-02-03,COOKIES/BARS,Peanut Butt,11,0,11,11,0,0,0
2016-02-03,COOKIES/BARS,PB Choc,0,12,12,-5,0,6,11
2016-02-03,COOKIES/BARS,Triple Choc,0,24,24,5,7,0,12
2016-02-03,COOKIES/BARS,SnickerDoodle,0,24,24,16,7,0,1
2016-02-03,COOKIES/BARS,frosted,6,12,18,13,0,0,5
2016-02-03,COOKIES/BARS,Totals,17,215,208,138,22,13,35
2016-02-04,BREAD,H,24,17,41,21,0,0,20
2016-02-04,BREAD,FR,13,64,77,9,45,0,23
2016-02-04,BREAD,GW,4,7,11,11,0,0,0
2016-02-04,BREAD,DK,12,0,12,12,0,0,0
2016-02-04,BREAD,H5,7,19,26,10,0,0,16
2016-02-04,BREAD,CSWRL,11,12,23,23,0,0,0
2016-02-04,BREAD,cb,0,24,24,5,0,0,19
2016-02-04,BREAD,bfb,0,12,12,4,0,0,8
2016-02-04,BREAD,Cne,16,0,16,16,0,0,0
2016-02-04,BREAD,CnR,1,0,1,0,0,1,0
2016-02-04,BREAD,CnW,2,0,2,2,0,0,0
2016-02-04,BREAD,cg,15,0,15,15,0,0,0
2016-02-04,BREAD,cg-jal,3,0,3,3,0,0,0
2016-02-04,BREAD,vs,0,20,20,14,0,0,6
2016-02-04,BREAD,IHF,0,0,0,0,0,0,0
2016-02-04,BREAD,car,0,0,0,0,0,0,0
2016-02-04,BREAD,gluten-X,0,0,0,0,0,0,0
2016-02-04,BREAD,Glut-X Cin,0,0,0,0,0,0,0
2016-02-04,BREAD,H-RLS,4,3,7,1,0,3,3
2016-02-04,BREAD,FR-RLS,0,4,4,3,0,0,1
2016-02-04,BREAD,VS-RLS,0,4,4,4,0,0,0
2016-02-04,BREAD,Blue Stru,1,3,4,3,0,0,1
2016-02-04,BREAD,Red Velvet,1,6,7,6,1,0,0
2016-02-04,BREAD,Choc Carm,3,1,4,1,0,2,1
2016-02-04,BREAD,Red V Heart,0,4,4,0,0,0,4
2016-02-04,BREAD,Choc Heart,1,2,3,0,0,1,2
2016-02-04,ROLLS,Cinnamon,0,24,24,21,0,3,0
2016-02-04,ROLLS,Mini C-Roll,0,0,0,0,0,0,0
2016-02-04,SCONES,Cherry,0,0,0,0,0,0,0
2016-02-04,SCONES,Blueberry,0,20,20,15,0,5,0
2016-02-04,SCONES,Butt Almd,0,0,0,0,0,0,0
2016-02-04,SCONES,Choc Chip,0,0,0,0,0,0,0
2016-02-04,SCONES,Cin Chip,0,15,15,15,0,0,0
2016-02-04,FRUIT BARS,Blueberry,0,10,10,3,6,1,0
2016-02-04,FRUIT BARS,Cherry,0,10,10,4,6,0,0
2016-02-04,FRUIT BARS,Cherry-White,0,10,10,4,6,0,0
2016-02-04,FRUIT BARS,Apple Cin,0,10,10,2,6,2,0
2016-02-04,MUFFINS,Blue Stru,0,8,8,8,0,0,0
2016-02-04,MUFFINS,Red Velvet,0,8,8,6,0,2,0
2016-02-04,MUFFINS,Choc Carm,0,8,8,7,0,1,0
2016-02-04,COOKIES/BARS,Oatmeal CC,6,12,18,18,0,0,0
2016-02-04,COOKIES/BARS,Peanut Butt,0,12,12,6,0,0,6
2016-02-04,COOKIES/BARS,PB Choc,11,0,11,10,0,1,0
2016-02-04,COOKIES/BARS,Triple Choc,12,6,18,17,0,0,1
2016-02-04,COOKIES/BARS,SnickerDoodle,1,18,19,19,0,0,0
2016-02-04,COOKIES/BARS,frosted,5,0,5,-1,0,0,6
2016-02-04,COOKIES/BARS,Totals,35,171,182,133,24,12,13
2016-02-05,BREAD,H,20,28,48,30,4,0,14
2016-02-05,BREAD,FR,23,25,48,17,2,0,29
2016-02-05,BREAD,GW,0,10,10,6,1,0,3
2016-02-05,BREAD,DK,0,37,37,12,1,0,24
2016-02-05,BREAD,H5,16,0,16,10,0,0,6
2016-02-05,BREAD,CSWRL,0,28,28,9,0,0,19
2016-02-05,BREAD,cb,19,0,19,14,0,5,0
2016-02-05,BREAD,bfb,8,0,8,7,0,1,0
2016-02-05,BREAD,Cne,0,28,28,14,0,0,14
2016-02-05,BREAD,CnR,0,8,8,5,0,0,3
2016-02-05,BREAD,CnW,0,8,8,6,0,0,2
2016-02-05,BREAD,cg,0,24,24,14,0,0,10
2016-02-05,BREAD,cg-jal,0,6,6,6,0,0,0
2016-02-05,BREAD,vs,6,0,6,6,0,0,0
2016-02-05,BREAD,IHF,0,0,0,0,0,0,0
2016-02-05,BREAD,car,0,0,0,0,0,0,0
2016-02-05,BREAD,King Cake,0,2,2,0,2,0,0
2016-02-05,BREAD,gluten-X,0,0,0,0,0,0,0
2016-02-05,BREAD,Glut-X Cin,0,0,0,0,0,0,0
2016-02-05,BREAD,H-RLS,3,6,9,1,0,2,6
2016-02-05,BREAD,FR-RLS,1,6,7,6,0,0,1
2016-02-05,BREAD,VS-RLS,0,0,0,0,0,0,0
2016-02-05,BREAD,Blue Stru,1,5,6,6,0,0,0
2016-02-05,BREAD,Red Velvet,0,6,6,6,0,0,0
2016-02-05,BREAD,Choc Carm,1,5,6,6,0,0,0
2016-02-05,BREAD,Red V Heart,4,0,4,0,0,4,0
2016-02-05,BREAD,Choc Heart,2,0,2,1,0,1,0
2016-02-05,ROLLS,Cinnamon,0,36,36,23,0,13,0
2016-02-05,ROLLS,Mini C-Roll,0,0,0,0,0,0,0
2016-02-05,SCONES,Cherry,0,18,18,18,0,0,0
2016-02-05,SCONES,Blueberry,0,0,0,0,0,0,0
2016-02-05,SCONES,Butt Almd,0,24,24,20,0,4,0
2016-02-05,SCONES,Choc Chip,0,0,0,0,0,0,0
2016-02-05,SCONES,Cin Chip,0,0,0,0,0,0,0
2016-02-05,FRUIT BARS,Blueberry,0,10,10,2,4,4,0
2016-02-05,FRUIT BARS,Cherry,0,10,10,5,3,2,0
2016-02-05,FRUIT BARS,Cherry-White,0,10,10,3,4,3,0
2016-02-05,FRUIT BARS,Apple Cin,0,10,10,7,3,0,0
2016-02-05,MUFFINS,Blue Stru,0,8,8,8,0,0,0
2016-02-05,MUFFINS,Red Velvet,0,8,8,6,0,2,0
2016-02-05,MUFFINS,Choc Carm,0,8,8,8,0,0,0
2016-02-05,COOKIES/BARS,Oatmeal CC,0,42,42,24,18,0,0
2016-02-05,COOKIES/BARS,Peanut Butt,6,6,12,10,0,2,0
2016-02-05,COOKIES/BARS,PB Choc,0,12,12,8,0,0,4
2016-02-05,COOKIES/BARS,Triple Choc,1,36,37,22,15,0,0
2016-02-05,COOKIES/BARS,SnickerDoodle,0,36,36,21,15,0,0
2016-02-05,COOKIES/BARS,frosted,6,12,18,18,0,0,0
2016-02-05,COOKIES/BARS,Kahuna,7,20,27,15,5,0,7
2016-02-05,COOKIES/BARS,Totals,20,306,290,195,67,17,11
2016-02-06,BREAD,H,14,0,14,14,0,0,0
2016-02-06,BREAD,FR,29,0,29,20,0,9,0
2016-02-06,BREAD,GW,3,4,7,7,0,0,0
2016-02-06,BREAD,DK,24,0,24,21,0,3,0
2016-02-06,BREAD,H5,6,0,6,6,0,0,0
2016-02-06,BREAD,CSWRL,19,12,31,14,6,11,0
2016-02-06,BREAD,cb,0,13,13,7,0,6,0
2016-02-06,BREAD,bfb,0,0,0,0,0,0,0
2016-02-06,BREAD,Cne,14,0,14,14,0,0,0
2016-02-06,BREAD,CnR,3,0,3,3,0,0,0
2016-02-06,BREAD,CnW,2,0,2,2,0,0,0
2016-02-06,BREAD,cg,10,0,10,4,0,6,0
2016-02-06,BREAD,cg-jal,0,0,0,0,0,0,0
2016-02-06,BREAD,vs,0,15,15,3,0,12,0
2016-02-06,BREAD,IHF,0,49,49,48,0,1,0
2016-02-06,BREAD,car,0,0,0,0,0,0,0
2016-02-06,BREAD,gluten-X,0,0,0,0,0,0,0
2016-02-06,BREAD,Glut-X Cin,0,0,0,0,0,0,0
2016-02-06,BREAD,H-RLS,6,0,6,3,0,3,0
2016-02-06,BREAD,FR-RLS,1,0,1,-1,0,2,0
2016-02-06,BREAD,VS-RLS,0,6,6,6,0,0,0
2016-02-06,BREAD,Blue Stru,0,8,8,5,2,1,0
2016-02-06,BREAD,Red Velvet,0,9,9,3,3,3,0
2016-02-06,BREAD,Choc Carm,0,8,8,4,2,2,0
2016-02-06,BREAD,Red V Heart,0,2,2,2,0,0,0
2016-02-06,BREAD,Choc Heart,0,2,2,2,0,0,0
2016-02-06,ROLLS,Cinnamon,0,84,84,83,0,1,0
2016-02-06,ROLLS,Mini C-Roll,0,0,0,0,0,0,0
2016-02-06,SCONES,Cherry,0,0,0,0,0,0,0
2016-02-06,SCONES,Blueberry,0,26,26,26,0,0,0
2016-02-06,SCONES,Butt Almd,0,0,0,0,0,0,0
2016-02-06,SCONES,Choc Chip,0,0,0,0,0,0,0
2016-02-06,SCONES,Cin Chip,0,0,0,0,0,0,0
2016-02-06,FRUIT BARS,Blueberry,0,8,8,7,1,0,0
2016-02-06,FRUIT BARS,Cherry,0,12,12,11,1,0,0
2016-02-06,FRUIT BARS,Cherry-White,0,8,8,6,2,0,0
2016-02-06,FRUIT BARS,Apple Cin,0,12,12,7,5,0,0
2016-02-06,MUFFINS,Blue Stru,0,8,8,8,0,0,0
2016-02-06,MUFFINS,Red Velvet,0,8,8,8,0,0,0
2016-02-06,MUFFINS,Choc Carm,0,8,8,8,0,0,0
2016-02-06,COOKIES/BARS,Oatmeal CC,0,12,12,12,0,0,0
2016-02-06,COOKIES/BARS,Peanut Butt,0,6,6,5,0,1,0
2016-02-06,COOKIES/BARS,PB Choc,4,6,10,6,0,4,0
2016-02-06,COOKIES/BARS,Triple Choc,0,12,12,12,0,0,0
2016-02-06,COOKIES/BARS,SnickerDoodle,0,12,12,12,0,0,0
2016-02-06,COOKIES/BARS,frosted,0,12,12,12,0,0,0
2016-02-06,COOKIES/BARS,Kahuna,7,0,7,7,0,0,0
2016-02-06,COOKIES/BARS,Totals,11,234,161,147,9,5,0
2016-02-07,BREAD,H,0,0,0,0,0,0,0
2016-02-07,BREAD,FR,0,0,0,0,0,0,0
2016-02-07,BREAD,GW,0,0,0,0,0,0,0
2016-02-07,BREAD,DK,0,0,0,0,0,0,0
2016-02-07,BREAD,H5,0,0,0,0,0,0,0
2016-02-07,BREAD,CSWRL,0,0,0,0,0,0,0
2016-02-07,BREAD,cb,0,0,0,0,0,0,0
2016-02-07,BREAD,bfb,0,0,0,0,0,0,0
2016-02-07,BREAD,Cne,0,0,0,0,0,0,0
2016-02-07,BREAD,CnR,0,0,0,0,0,0,0
2016-02-07,BREAD,CnW,0,0,0,0,0,0,0
2016-02-07,BREAD,cg,0,0,0,0,0,0,0
2016-02-07,BREAD,cg-jal,0,0,0,0,0,0,0
2016-02-07,BREAD,vs,0,0,0,0,0,0,0
2016-02-07,BREAD,IHF,0,0,0,0,0,0,0
2016-02-07,BREAD,car,0,0,0,0,0,0,0
2016-02-07,BREAD,gluten-X,0,0,0,0,0,0,0
2016-02-07,BREAD,Glut-X Cin,0,0,0,0,0,0,0
2016-02-07,BREAD,H-RLS,0,0,0,0,0,0,0
2016-02-07,BREAD,FR-RLS,0,0,0,0,0,0,0
2016-02-07,BREAD,VS-RLS,0,0,0,0,0,0,0
2016-02-07,BREAD,Blue Stru,0,0,0,0,0,0,0
2016-02-07,BREAD,Red Velvet,0,0,0,0,0,0,0
2016-02-07,BREAD,Choc Carm,0,0,0,0,0,0,0
2016-02-07,ROLLS,Cinnamon,0,0,0,0,0,0,0
2016-02-07,ROLLS,Mini C-Roll,0,0,0,0,0,0,0
2016-02-07,SCONES,Cherry,0,0,0,0,0,0,0
2016-02-07,SCONES,Blueberry,0,0,0,0,0,0,0
2016-02-07,SCONES,Butt Almd,0,0,0,0,0,0,0
2016-02-07,SCONES,Choc Chip,0,0,0,0,0,0,0
2016-02-07,SCONES,Cin Chip,0,0,0,0,0,0,0
2016-02-07,FRUIT BARS,Blueberry,0,0,0,0,0,0,0
2016-02-07,FRUIT BARS,Cherry,0,0,0,0,0,0,0
2016-02-07,FRUIT BARS,Cherry-White,0,0,0,0,0,0,0
2016-02-07,FRUIT BARS,Apple Cin,0,0,0,0,0,0,0
2016-02-07,MUFFINS,Blue Stru,0,0,0,0,0,0,0
2016-02-07,MUFFINS,Red Velvet,0,0,0,0,0,0,0
2016-02-07,MUFFINS,Choc Carm,0,0,0,0,0,0,0
2016-02-07,COOKIES/BARS,Oatmeal CC,0,0,0,0,0,0,0
2016-02-07,COOKIES/BARS,Peanut Butt,0,0,0,0,0,0,0
2016-02-07,COOKIES/BARS,PB Choc,0,0,0,0,0,0,0
2016-02-07,COOKIES/BARS,Triple Choc,0,0,0,0,0,0,0
2016-02-07,COOKIES/BARS,SnickerDoodle,0,0,0,0,0,0,0
2016-02-07,COOKIES/BARS,frosted,0,0,0,0,0,0,0
2016-02-07,COOKIES/BARS,Totals,0,0,0,0,0,0,0
2016-02-08,BREAD,H,0,36,36,30,2,0,4
2016-02-08,BREAD,FR,0,21,21,7,5,0,9
2016-02-08,BREAD,GW,0,4,4,4,0,0,0
2016-02-08,BREAD,DK,0,28,28,13,5,0,10
2016-02-08,BREAD,H5,0,0,0,0,0,0,0
2016-02-08,BREAD,CSWRL,0,24,24,15,1,0,8
2016-02-08,BREAD,cb,0,0,0,0,0,0,0
2016-02-08,BREAD,bfb,0,0,0,0,0,0,0
2016-02-08,BREAD,Cne,0,19,19,12,0,0,7
2016-02-08,BREAD,CnR,0,4,4,2,0,0,2
2016-02-08,BREAD,CnW,0,4,4,3,0,0,1
2016-02-08,BREAD,cg,0,14,14,8,0,0,6
2016-02-08,BREAD,cg-jal,0,5,5,1,0,0,4
2016-02-08,BREAD,vs,0,0,0,0,0,0,0
2016-02-08,BREAD,IHF,0,0,0,0,0,0,0
2016-02-08,BREAD,car,0,8,8,-5,0,0,13
2016-02-08,BREAD,CnE HEART,0,4,4,4,0,0,0
2016-02-08,BREAD,King Cake,0,4,4,3,0,0,1
2016-02-08,BREAD,gluten-X,0,0,0,0,0,0,0
2016-02-08,BREAD,Glut-X Cin,0,0,0,0,0,0,0
2016-02-08,BREAD,H-RLS,0,4,4,2,0,0,2
2016-02-08,BREAD,FR-RLS,0,4,4,3,0,0,1
2016-02-08,BREAD,VS-RLS,0,0,0,0,0,0,0
2016-02-08,BREAD,Blue Stru,0,4,4,4,0,0,0
2016-02-08,BREAD,Red Velvet,0,8,8,4,2,0,2
2016-02-08,BREAD,Choc Carm,0,4,4,2,0,0,2
2016-02-08,BREAD,Red V Heart,0,3,3,0,0,0,3
2016-02-08,BREAD,Choc Heart,0,3,3,0,0,0,3
2016-02-08,ROLLS,Cinnamon,0,24,24,24,0,0,0
2016-02-08,ROLLS,Mini C-Roll,0,24,24,0,24,0,0
2016-02-08,SCONES,Cherry,0,12,12,8,0,4,0
2016-02-08,SCONES,Blueberry,0,0,0,0,0,0,0
2016-02-08,SCONES,Butt Almd,0,0,0,0,0,0,0
2016-02-08,SCONES,Choc Chip,0,10,10,10,0,0,0
2016-02-08,SCONES,Cin Chip,0,0,0,0,0,0,0
2016-02-08,FRUIT BARS,Blueberry,0,8,8,1,4,3,0
2016-02-08,FRUIT BARS,Cherry,0,8,8,4,4,0,0
2016-02-08,FRUIT BARS,Cherry-White,0,4,4,3,1,0,0
2016-02-08,FRUIT BARS,Apple Cin,0,0,0,0,0,0,0
2016-02-08,MUFFINS,Blue Stru,0,6,6,6,0,0,0
2016-02-08,MUFFINS,Red Velvet,0,6,6,6,0,0,0
2016-02-08,MUFFINS,Choc Carm,0,5,5,5,0,0,0
2016-02-08,COOKIES/BARS,Oatmeal CC,0,30,30,1,10,0,19
2016-02-08,COOKIES/BARS,Peanut Butt,0,12,12,3,0,0,9
2016-02-08,COOKIES/BARS,PB Choc,0,18,18,9,0,0,9
2016-02-08,COOKIES/BARS,Triple Choc,0,30,30,15,10,0,5
2016-02-08,COOKIES/BARS,SnickerDoodle,0,30,30,12,10,0,8
2016-02-08,COOKIES/BARS,frosted,0,18,18,13,0,0,5
2016-02-08,COOKIES/BARS,Totals,0,245,221,96,63,7,55
2016-02-09,BREAD,H,4,38,42,19,1,0,22
2016-02-09,BREAD,FR,9,49,58,9,45,0,4
2016-02-09,BREAD,GW,0,8,8,4,0,0,4
2016-02-09,BREAD,DK,10,0,10,9,0,0,1
2016-02-09,BREAD,H5,0,24,24,1,0,0,23
2016-02-09,BREAD,CSWRL,8,12,20,19,1,0,0
2016-02-09,BREAD,cb,0,0,0,0,0,0,0
2016-02-09,BREAD,bfb,0,14,14,8,0,0,6
2016-02-09,BREAD,Cne,7,13,20,8,0,0,12
2016-02-09,BREAD,CnR,2,0,2,2,0,0,0
2016-02-09,BREAD,CnW,1,0,1,1,0,0,0
2016-02-09,BREAD,cg,6,0,6,6,0,0,0
2016-02-09,BREAD,cg-jal,4,0,4,2,0,2,0
2016-02-09,BREAD,vs,0,19,19,6,0,0,13
2016-02-09,BREAD,IHF,0,0,0,0,0,0,0
2016-02-09,BREAD,car,13,0,13,13,0,0,0
2016-02-09,BREAD,CnE HEART,0,4,4,0,0,0,4
2016-02-09,BREAD,King Cake,1,12,13,6,7,0,0
2016-02-09,BREAD,gluten-X,0,0,0,0,0,0,0
2016-02-09,BREAD,Glut-X Cin,0,0,0,0,0,0,0
2016-02-09,BREAD,H-RLS,2,3,5,0,0,2,3
2016-02-09,BREAD,FR-RLS,1,4,5,0,0,1,4
2016-02-09,BREAD,VS-RLS,0,6,6,1,0,0,5
2016-02-09,BREAD,Blue Stru,0,5,5,4,1,0,0
2016-02-09,BREAD,Red Velvet,2,3,5,2,1,0,2
2016-02-09,BREAD,Choc Carm,2,2,4,3,0,0,1
2016-02-09,BREAD,Red V Heart,3,0,3,0,0,3,0
2016-02-09,BREAD,Choc Heart,3,0,3,1,1,1,0
2016-02-09,ROLLS,Cinnamon,0,12,12,12,0,0,0
2016-02-09,ROLLS,Mini C-Roll,0,0,0,0,0,0,0
2016-02-09,SCONES,Cherry,0,0,0,0,0,0,0
2016-02-09,SCONES,Blueberry,0,24,24,20,4,0,0
2016-02-09,SCONES,Butt Almd,0,0,0,0,0,0,0
2016-02-09,SCONES,Choc Chip,0,9,9,9,0,0,0
2016-02-09,SCONES,Cin Chip,0,0,0,0,0,0,0
2016-02-09,FRUIT BARS,Blueberry,0,0,0,0,0,0,0
2016-02-09,FRUIT BARS,Cherry,0,4,4,4,0,0,0
2016-02-09,FRUIT BARS,Cherry-White,0,8,8,6,2,0,0
2016-02-09,FRUIT BARS,Apple Cin,0,8,8,6,2,0,0
2016-02-09,MUFFINS,Blue Stru,0,4,4,4,0,0,0
2016-02-09,MUFFINS,Red Velvet,0,4,4,4,0,0,0
2016-02-09,MUFFINS,Choc Carm,0,4,4,4,0,0,0
2016-02-09,COOKIES/BARS,Oatmeal CC,19,6,25,20,3,2,0
2016-02-09,COOKIES/BARS,Peanut Butt,9,6,15,8,0,1,6
2016-02-09,COOKIES/BARS,PB Choc,9,18,27,11,6,0,10
2016-02-09,COOKIES/BARS,Triple Choc,5,24,29,12,10,0,7
2016-02-09,COOKIES/BARS,SnickerDoodle,8,12,20,20,0,0,0
2016-02-09,COOKIES/BARS,frosted,5,18,23,16,0,0,7
2016-02-09,COOKIES/BARS,Totals,55,161,204,144,27,3,30
2016-02-10,BREAD,H,22,19,41,33,0,0,8
2016-02-10,BREAD,FR,4,22,26,18,0,0,8
2016-02-10,BREAD,GW,4,4,8,8,0,0,0
2016-02-10,BREAD,DK,1,31,32,17,0,0,15
2016-02-10,BREAD,H5,23,0,23,5,0,0,18
2016-02-10,BREAD,CSWRL,0,28,28,15,0,0,13
2016-02-10,BREAD,cb,0,0,0,0,0,0,0
2016-02-10,BREAD,bfb,6,0,6,5,0,1,0
2016-02-10,BREAD,Cne,12,25,37,17,0,0,20
2016-02-10,BREAD,CnR,0,4,4,3,0,1,0
2016-02-10,BREAD,CnW,0,4,4,3,0,1,0
2016-02-10,BREAD,cg,0,16,16,11,0,0,5
2016-02-10,BREAD,cg-jal,0,0,0,0,0,0,0
2016-02-10,BREAD,vs,13,0,13,7,0,6,0
2016-02-10,BREAD,IHF,0,0,0,0,0,0,0
2016-02-10,BREAD,car,0,0,0,0,0,0,0
2016-02-10,BREAD,cg pesto,0,0,0,-2,0,0,2
2016-02-10,BREAD,CnE HEART,4,12,16,-2,12,0,6
2016-02-10,BREAD,gluten-X,0,0,0,0,0,0,0
2016-02-10,BREAD,Glut-X Cin,0,0,0,0,0,0,0
2016-02-10,BREAD,H-RLS,3,0,3,3,0,0,0
2016-02-10,BREAD,FR-RLS,4,0,4,2,0,2,0
2016-02-10,BREAD,VS-RLS,5,0,5,1,0,4,0
2016-02-10,BREAD,Blue Stru,0,4,4,1,0,0,3
2016-02-10,BREAD,Red Velvet,2,3,5,3,0,2,0
2016-02-10,BREAD,Choc Carm,1,3,4,4,0,0,0
2016-02-10,BREAD,Red V Heart,0,2,2,0,0,2,0
2016-02-10,BREAD,Choc Heart,0,2,2,2,0,0,0
2016-02-10,ROLLS,Cinnamon,0,24,24,24,0,0,0
2016-02-10,ROLLS,Mini C-Roll,0,0,0,0,0,0,0
2016-02-10,SCONES,Cherry,0,20,20,14,0,6,0
2016-02-10,SCONES,Blueberry,0,0,0,0,0,0,0
2016-02-10,SCONES,Butt Almd,0,0,0,0,0,0,0
2016-02-10,SCONES,Choc Chip,0,0,0,0,0,0,0
2016-02-10,SCONES,Cin Chip,0,0,0,0,0,0,0
2016-02-10,FRUIT BARS,Blueberry,0,4,4,4,0,0,0
2016-02-10,FRUIT BARS,Cherry,0,8,8,8,0,0,0
2016-02-10,FRUIT BARS,Cherry-White,0,8,8,7,0,1,0
2016-02-10,FRUIT BARS,Apple Cin,0,0,0,0,0,0,0
2016-02-10,MUFFINS,Blue Stru,0,7,7,7,0,0,0
2016-02-10,MUFFINS,Red Velvet,0,7,7,7,0,0,0
2016-02-10,MUFFINS,Choc Carm,0,7,7,7,0,0,0
2016-02-10,COOKIES/BARS,Oatmeal CC,0,36,36,17,14,0,5
2016-02-10,COOKIES/BARS,Peanut Butt,6,12,18,12,0,0,6
2016-02-10,COOKIES/BARS,PB Choc,10,6,16,7,0,0,9
2016-02-10,COOKIES/BARS,Triple Choc,7,30,37,17,14,0,6
2016-02-10,COOKIES/BARS,SnickerDoodle,0,36,36,13,17,0,6
2016-02-10,COOKIES/BARS,frosted,7,18,25,10,0,0,15
2016-02-10,COOKIES/BARS,Kahuna,0,20,20,0,20,0,0
2016-02-10,COOKIES/BARS,Totals,30,243,249,130,65,7,47
2016-02-11,BREAD,H,8,25,33,22,0,0,11
2016-02-11,BREAD,FR,8,60,68,13,45,0,10
2016-02-11,BREAD,GW,0,7,7,5,0,0,2
2016-02-11,BREAD,DK,15,0,15,6,0,0,9
2016-02-11,BREAD,H5,18,19,37,11,0,0,26
2016-02-11,BREAD,CSWRL,13,12,25,17,0,0,8
2016-02-11,BREAD,cb,0,24,24,5,0,0,19
2016-02-11,BREAD,bfb,0,17,17,6,0,0,11
2016-02-11,BREAD,Cne,20,0,20,10,0,10,0
2016-02-11,BREAD,CnR,0,0,0,0,0,0,0
2016-02-11,BREAD,CnW,0,0,0,0,0,0,0
2016-02-11,BREAD,cg,5,0,5,5,0,0,0
2016-02-11,BREAD,cg-jal,0,0,0,0,0,0,0
2016-02-11,BREAD,vs,0,20,20,11,0,0,9
2016-02-11,BREAD,IHF,0,0,0,0,0,0,0
2016-02-11,BREAD,car,0,0,0,0,0,0,0
2016-02-11,BREAD,gluten-X,0,0,0,0,0,0,0
2016-02-11,BREAD,Glut-X Cin,0,0,0,0,0,0,0
2016-02-11,BREAD,H-RLS,0,3,3,3,0,0,0
2016-02-11,BREAD,FR-RLS,0,4,4,2,0,0,2
2016-02-11,BREAD,VS-RLS,0,3,3,1,0,0,2
2016-02-11,BREAD,Blue Stru,3,1,4,4,0,0,0
2016-02-11,BREAD,Red Velvet,0,10,10,5,0,1,4
2016-02-11,BREAD,Choc Carm,0,6,6,6,0,0,0
2016-02-11,BREAD,Red V Heart,0,10,10,7,0,0,3
2016-02-11,BREAD,Choc Heart,0,6,6,5,0,0,1
2016-02-11,ROLLS,Cinnamon,0,24,24,23,0,1,0
2016-02-11,ROLLS,Mini C-Roll,0,0,0,0,0,0,0
2016-02-11,SCONES,Cherry,0,0,0,0,0,0,0
2016-02-11,SCONES,Blueberry,0,18,18,18,0,0,0
2016-02-11,SCONES,Butt Almd,0,0,0,0,0,0,0
2016-02-11,SCONES,Choc Chip,0,0,0,0,0,0,0
2016-02-11,SCONES,Cin Chip,0,0,0,-2,0,2,0
2016-02-11,FRUIT BARS,Blueberry,0,0,0,0,0,0,0
2016-02-11,FRUIT BARS,Cherry,0,8,8,4,0,4,0
2016-02-11,FRUIT BARS,Cherry-White,0,8,8,6,0,2,0
2016-02-11,FRUIT BARS,Apple Cin,0,4,4,3,0,1,0
2016-02-11,MUFFINS,Blue Stru,0,10,10,9,0,1,0
2016-02-11,MUFFINS,Red Velvet,0,10,10,9,1,0,0
2016-02-11,MUFFINS,Choc Carm,0,10,10,10,0,0,0
2016-02-11,COOKIES/BARS,Oatmeal CC,5,24,29,16,8,1,4
2016-02-11,COOKIES/BARS,Peanut Butt,6,12,18,7,3,4,4
2016-02-11,COOKIES/BARS,PB Choc,9,54,63,9,48,0,6
2016-02-11,COOKIES/BARS,Triple Choc,6,24,30,19,8,0,3
2016-02-11,COOKIES/BARS,SnickerDoodle,6,24,30,10,8,0,12
2016-02-11,COOKIES/BARS,frosted,15,12,27,16,0,0,11
2016-02-11,COOKIES/BARS,Totals,47,242,265,134,76,15,40
2016-02-12,BREAD,H,11,48,59,33,6,0,20
2016-02-12,BREAD,FR,10,28,38,17,0,0,21
2016-02-12,BREAD,GW,2,12,14,8,1,0,5
2016-02-12,BREAD,DK,9,38,47,23,1,0,23
2016-02-12,BREAD,H5,26,0,26,1,0,0,25
2016-02-12,BREAD,CSWRL,8,20,28,21,1,0,6
2016-02-12,BREAD,cb,19,0,19,19,0,0,0
2016-02-12,BREAD,bfb,11,0,11,11,0,0,0
2016-02-12,BREAD,Cne,0,24,24,21,0,0,3
2016-02-12,BREAD,CnR,0,14,14,9,0,0,5
2016-02-12,BREAD,CnW,0,8,8,3,2,0,3
2016-02-12,BREAD,cg,0,10,10,7,0,0,3
2016-02-12,BREAD,cg-jal,0,6,6,2,0,0,4
2016-02-12,BREAD,vs,9,0,9,6,0,3,0
2016-02-12,BREAD,IHF,0,0,0,0,0,0,0
2016-02-12,BREAD,car,0,0,0,0,0,0,0
2016-02-12,BREAD,pesto,0,4,4,2,0,0,2
2016-02-12,BREAD,CnE HEART,0,12,12,10,2,0,0
2016-02-12,BREAD,gluten-X,0,0,0,0,0,0,0
2016-02-12,BREAD,Glut-X Cin,0,0,0,0,0,0,0
2016-02-12,BREAD,H-RLS,0,3,3,-1,0,0,4
2016-02-12,BREAD,FR-RLS,2,4,6,4,0,0,2
2016-02-12,BREAD,VS-RLS,2,0,2,2,0,0,0
2016-02-12,BREAD,Blue Stru,0,4,4,4,0,0,0
2016-02-12,BREAD,Red Velvet,4,4,8,4,1,0,3
2016-02-12,BREAD,Choc Carm,0,9,9,8,1,0,0
2016-02-12,BREAD,Red V Heart,3,8,11,-1,1,6,5
2016-02-12,BREAD,Choc Heart,1,8,9,8,1,0,0
2016-02-12,ROLLS,Cinnamon,0,36,36,36,0,0,0
2016-02-12,ROLLS,Mini C-Roll,0,24,24,0,24,0,0
2016-02-12,SCONES,Cherry,0,24,24,24,0,0,0
2016-02-12,SCONES,Blueberry,0,0,0,0,0,0,0
2016-02-12,SCONES,Butt Almd,0,28,28,28,0,0,0
2016-02-12,SCONES,Choc Chip,0,0,0,0,0,0,0
2016-02-12,SCONES,Cin Chip,0,0,0,0,0,0,0
2016-02-12,FRUIT BARS,Blueberry,0,4,4,3,1,0,0
2016-02-12,FRUIT BARS,Cherry,0,8,8,7,1,0,0
2016-02-12,FRUIT BARS,Cherry-White,0,8,8,7,1,0,0
2016-02-12,FRUIT BARS,Apple Cin,0,0,0,0,0,0,0
2016-02-12,MUFFINS,Blue Stru,0,12,12,12,0,0,0
2016-02-12,MUFFINS,Red Velvet,0,18,18,14,0,4,0
2016-02-12,MUFFINS,Choc Carm,0,12,12,12,0,0,0
2016-02-12,COOKIES/BARS,Oatmeal CC,4,24,28,21,7,0,0
2016-02-12,COOKIES/BARS,Peanut Butt,4,12,16,14,2,0,0
2016-02-12,COOKIES/BARS,PB Choc,6,12,18,12,6,0,0
2016-02-12,COOKIES/BARS,Triple Choc,3,24,27,21,6,0,0
2016-02-12,COOKIES/BARS,SnickerDoodle,12,12,24,18,6,0,0
2016-02-12,COOKIES/BARS,frosted,11,36,47,47,0,0,0
2016-02-12,COOKIES/BARS,Brownie-PLAIN,0,30,30,0,30,0,0
2016-02-12,COOKIES/BARS,Brownie-Frosted,0,30,30,0,30,0,0
2016-02-12,COOKIES/BARS,Brownie-White Choc,0,30,30,30,30,0,0
2016-02-12,COOKIES/BARS,Brownie-Caramel,0,30,30,0,30,0,0
2016-02-12,COOKIES/BARS,Totals,40,414,418,240,174,4,0
2016-02-13,BREAD,H,20,0,20,20,0,0,0
2016-02-13,BREAD,FR,21,0,21,21,0,0,0
2016-02-13,BREAD,GW,5,2,7,7,0,0,0
2016-02-13,BREAD,DK,23,0,23,8,0,15,0
2016-02-13,BREAD,H5,25,0,25,16,0,9,0
2016-02-13,BREAD,CSWRL,6,15,21,10,11,0,0
2016-02-13,BREAD,cb,0,0,0,-2,0,2,0
2016-02-13,BREAD,bfb,0,16,16,14,0,2,0
2016-02-13,BREAD,Cne,3,0,3,3,0,0,0
2016-02-13,BREAD,CnR,5,0,5,5,0,0,0
2016-02-13,BREAD,CnW,3,0,3,3,0,0,0
2016-02-13,BREAD,cg,3,0,3,2,0,1,0
2016-02-13,BREAD,cg-jal,4,0,4,4,0,0,0
2016-02-13,BREAD,vs,0,19,19,12,0,7,0
2016-02-13,BREAD,IHF,0,0,0,0,0,0,0
2016-02-13,BREAD,car,0,0,0,0,0,0,0
2016-02-13,BREAD,CnE HEART,0,0,0,0,0,0,0
2016-02-13,BREAD,gluten-X,0,15,15,13,0,2,0
2016-02-13,BREAD,Glut-X Cin,0,9,9,9,0,0,0
2016-02-13,BREAD,H-RLS,4,0,4,4,0,0,0
2016-02-13,BREAD,FR-RLS,2,0,2,2,0,0,0
2016-02-13,BREAD,VS-RLS,0,4,4,2,0,2,0
2016-02-13,BREAD,Blue Stru,0,6,6,4,2,0,0
2016-02-13,BREAD,Red Velvet,3,7,10,6,4,0,0
2016-02-13,BREAD,Choc Carm,0,10,10,6,4,0,0
2016-02-13,BREAD,Red V Heart,5,7,12,12,0,0,0
2016-02-13,BREAD,Choc Heart,0,6,6,6,0,0,0
2016-02-13,ROLLS,Cinnamon,0,96,96,88,6,2,0
2016-02-13,ROLLS,Mini C-Roll,0,0,0,0,0,0,0
2016-02-13,SCONES,Cherry,0,0,0,0,0,0,0
2016-02-13,SCONES,Blueberry,0,26,26,26,0,0,0
2016-02-13,SCONES,Butt Almd,0,28,28,15,0,13,0
2016-02-13,SCONES,Choc Chip,0,0,0,0,0,0,0
2016-02-13,SCONES,Cin Chip,0,0,0,0,0,0,0
2016-02-13,FRUIT BARS,Blueberry,0,0,0,0,0,0,0
2016-02-13,FRUIT BARS,Cherry,0,12,12,3,0,9,0
2016-02-13,FRUIT BARS,Cherry-White,0,16,16,10,0,6,0
2016-02-13,FRUIT BARS,Apple Cin,0,12,12,5,0,7,0
2016-02-13,MUFFINS,Blue Stru,0,10,10,10,0,0,0
2016-02-13,MUFFINS,Red Velvet,0,16,16,16,0,0,0
2016-02-13,MUFFINS,Choc Carm,0,10,10,10,0,0,0
2016-02-13,COOKIES/BARS,Oatmeal CC,0,18,18,14,0,4,0
2016-02-13,COOKIES/BARS,Peanut Butt,0,12,12,6,0,6,0
2016-02-13,COOKIES/BARS,PB Choc,0,24,24,15,0,9,0
2016-02-13,COOKIES/BARS,Triple Choc,0,18,18,6,0,12,0
2016-02-13,COOKIES/BARS,SnickerDoodle,0,18,18,15,0,3,0
2016-02-13,COOKIES/BARS,frosted,0,30,30,24,6,0,0
2016-02-13,COOKIES/BARS,Totals,0,346,250,175,12,69,0
2016-02-14,BREAD,H,0,0,0,0,0,0,0
2016-02-14,BREAD,FR,0,0,0,0,0,0,0
2016-02-14,BREAD,GW,0,0,0,0,0,0,0
2016-02-14,BREAD,DK,0,0,0,0,0,0,0
2016-02-14,BREAD,H5,0,0,0,0,0,0,0
2016-02-14,BREAD,CSWRL,0,0,0,0,0,0,0
2016-02-14,BREAD,cb,0,0,0,0,0,0,0
2016-02-14,BREAD,bfb,0,0,0,0,0,0,0
2016-02-14,BREAD,Cne,0,0,0,0,0,0,0
2016-02-14,BREAD,CnR,0,0,0,0,0,0,0
2016-02-14,BREAD,CnW,0,0,0,0,0,0,0
2016-02-14,BREAD,cg,0,0,0,0,0,0,0
2016-02-14,BREAD,cg-jal,0,0,0,0,0,0,0
2016-02-14,BREAD,vs,0,0,0,0,0,0,0
2016-02-14,BREAD,IHF,0,0,0,0,0,0,0
2016-02-14,BREAD,car,0,0,0,0,0,0,0
2016-02-14,BREAD,gluten-X,0,0,0,0,0,0,0
2016-02-14,BREAD,Glut-X Cin,0,0,0,0,0,0,0
2016-02-14,BREAD,H-RLS,0,0,0,0,0,0,0
2016-02-14,BREAD,FR-RLS,0,0,0,0,0,0,0
2016-02-14,BREAD,VS-RLS,0,0,0,0,0,0,0
2016-02-14,BREAD,Blue Stru,0,0,0,0,0,0,0
2016-02-14,BREAD,Red Velvet,0,0,0,0,0,0,0
2016-02-14,BREAD,Choc Carm,0,0,0,0,0,0,0
2016-02-14,ROLLS,Cinnamon,0,0,0,0,0,0,0
2016-02-14,ROLLS,Mini C-Roll,0,0,0,0,0,0,0
2016-02-14,SCONES,Cherry,0,0,0,0,0,0,0
2016-02-14,SCONES,Blueberry,0,0,0,0,0,0,0
2016-02-14,SCONES,Butt Almd,0,0,0,0,0,0,0
2016-02-14,SCONES,Choc Chip,0,0,0,0,0,0,0
2016-02-14,SCONES,Cin Chip,0,0,0,0,0,0,0
2016-02-14,FRUIT BARS,Blueberry,0,0,0,0,0,0,0
2016-02-14,FRUIT BARS,Cherry,0,0,0,0,0,0,0
2016-02-14,FRUIT BARS,Cherry-White,0,0,0,0,0,0,0
2016-02-14,FRUIT BARS,Apple Cin,0,0,0,0,0,0,0
2016-02-14,MUFFINS,Blue Stru,0,0,0,0,0,0,0
2016-02-14,MUFFINS,Red Velvet,0,0,0,0,0,0,0
2016-02-14,MUFFINS,Choc Carm,0,0,0,0,0,0,0
2016-02-14,COOKIES/BARS,Oatmeal CC,0,0,0,0,0,0,0
2016-02-14,COOKIES/BARS,Peanut Butt,0,0,0,0,0,0,0
2016-02-14,COOKIES/BARS,PB Choc,0,0,0,0,0,0,0
2016-02-14,COOKIES/BARS,Triple Choc,0,0,0,0,0,0,0
2016-02-14,COOKIES/BARS,SnickerDoodle,0,0,0,0,0,0,0
2016-02-14,COOKIES/BARS,frosted,0,0,0,0,0,0,0
2016-02-14,COOKIES/BARS,Totals,0,0,0,0,0,0,0
2016-02-15,BREAD,H,0,35,35,22,2,0,11
2016-02-15,BREAD,FR,0,24,24,10,5,0,9
2016-02-15,BREAD,GW,0,8,8,3,0,0,5
2016-02-15,BREAD,DK,0,26,26,4,2,0,20
2016-02-15,BREAD,H5,0,0,0,0,0,0,0
2016-02-15,BREAD,CSWRL,0,24,24,22,0,0,2
2016-02-15,BREAD,cb,0,0,0,0,0,0,0
2016-02-15,BREAD,bfb,0,0,0,0,0,0,0
2016-02-15,BREAD,Cne,0,24,24,11,0,0,13
2016-02-15,BREAD,CnR,0,4,4,3,0,0,1
2016-02-15,BREAD,CnW,0,4,4,4,0,0,0
2016-02-15,BREAD,cg,0,15,15,10,0,0,5
2016-02-15,BREAD,cg-jal,0,6,6,4,0,0,2
2016-02-15,BREAD,vs,0,0,0,0,0,0,0
2016-02-15,BREAD,IHF,0,0,0,0,0,0,0
2016-02-15,BREAD,car,0,0,0,0,0,0,0
2016-02-15,BREAD,gluten-X,0,0,0,0,0,0,0
2016-02-15,BREAD,Glut-X Cin,0,0,0,0,0,0,0
2016-02-15,BREAD,H-RLS,0,4,4,0,0,0,4
2016-02-15,BREAD,FR-RLS,0,4,4,4,0,0,0
2016-02-15,BREAD,VS-RLS,0,0,0,0,0,0,0
2016-02-15,BREAD,Blue Stru,0,4,4,4,0,0,0
2016-02-15,BREAD,Red Velvet,0,4,4,2,0,0,2
2016-02-15,BREAD,Choc Carm,0,4,4,2,0,0,2
2016-02-15,ROLLS,Cinnamon,0,12,12,12,0,0,0
2016-02-15,ROLLS,Mini C-Roll,0,0,0,0,0,0,0
2016-02-15,SCONES,Cherry,0,10,10,10,0,0,0
2016-02-15,SCONES,Blueberry,0,0,0,0,0,0,0
2016-02-15,SCONES,Butt Almd,0,0,0,0,0,0,0
2016-02-15,SCONES,Choc Chip,0,0,0,0,0,0,0
2016-02-15,SCONES,Cin Chip,0,0,0,0,0,0,0
2016-02-15,FRUIT BARS,Blueberry,0,44,44,4,40,0,0
2016-02-15,FRUIT BARS,Cherry,0,8,8,8,0,0,0
2016-02-15,FRUIT BARS,Cherry-White,0,48,48,8,40,0,0
2016-02-15,FRUIT BARS,Apple Cin,0,0,0,0,0,0,0
2016-02-15,MUFFINS,Blue Stru,0,6,6,6,0,0,0
2016-02-15,MUFFINS,Red Velvet,0,6,6,5,0,1,0
2016-02-15,MUFFINS,Choc Carm,0,6,6,5,0,1,0
2016-02-15,COOKIES/BARS,Oatmeal CC,0,36,36,18,11,0,7
2016-02-15,COOKIES/BARS,Peanut Butt,0,12,12,11,0,0,1
2016-02-15,COOKIES/BARS,PB Choc,0,12,12,2,0,0,10
2016-02-15,COOKIES/BARS,Triple Choc,0,30,30,10,10,0,10
2016-02-15,COOKIES/BARS,SnickerDoodle,0,30,30,7,11,0,12
2016-02-15,COOKIES/BARS,frosted,0,12,12,12,0,0,0
2016-02-15,COOKIES/BARS,Totals,0,272,260,106,112,2,40
2016-02-16,BREAD,H,11,26,37,13,0,0,24
2016-02-16,BREAD,FR,9,12,21,21,0,0,0
2016-02-16,BREAD,GW,5,6,11,7,0,1,3
2016-02-16,BREAD,DK,20,0,20,8,0,0,12
2016-02-16,BREAD,H5,0,18,18,8,0,0,10
2016-02-16,BREAD,CSWRL,2,24,26,8,0,0,18
2016-02-16,BREAD,cb,0,0,0,0,0,0,0
2016-02-16,BREAD,bfb,0,16,16,8,0,0,8
2016-02-16,BREAD,Cne,13,0,13,11,0,2,0
2016-02-16,BREAD,CnR,1,0,1,1,0,0,0
2016-02-16,BREAD,CnW,0,0,0,0,0,0,0
2016-02-16,BREAD,cg,5,0,5,5,0,0,0
2016-02-16,BREAD,cg-jal,2,0,2,2,0,0,0
2016-02-16,BREAD,vs,0,18,18,6,0,0,12
2016-02-16,BREAD,IHF,0,0,0,0,0,0,0
2016-02-16,BREAD,car,0,0,0,0,0,0,0
2016-02-16,BREAD,gluten-X,0,0,0,0,0,0,0
2016-02-16,BREAD,Glut-X Cin,0,0,0,0,0,0,0
2016-02-16,BREAD,H-RLS,4,0,4,2,0,2,0
2016-02-16,BREAD,FR-RLS,0,4,4,4,0,0,0
2016-02-16,BREAD,VS-RLS,0,4,4,2,0,0,2
2016-02-16,BREAD,Blue Stru,0,4,4,3,0,0,1
2016-02-16,BREAD,Red Velvet,2,2,4,2,0,0,2
2016-02-16,BREAD,Choc Carm,2,2,4,2,0,0,2
2016-02-16,ROLLS,Cinnamon,0,24,24,24,0,0,0
2016-02-16,ROLLS,Mini C-Roll,0,0,0,0,0,0,0
2016-02-16,SCONES,Cherry,0,0,0,0,0,0,0
2016-02-16,SCONES,Blueberry,0,24,24,20,4,0,0
2016-02-16,SCONES,Butt Almd,0,0,0,0,0,0,0
2016-02-16,SCONES,Choc Chip,0,0,0,0,0,0,0
2016-02-16,SCONES,Cin Chip,0,0,0,0,0,0,0
2016-02-16,FRUIT BARS,Blueberry,0,0,0,0,0,0,0
2016-02-16,FRUIT BARS,Cherry,0,8,8,8,0,0,0
2016-02-16,FRUIT BARS,Cherry-White,0,4,4,4,0,0,0
2016-02-16,FRUIT BARS,Apple Cin,0,48,48,8,40,0,0
2016-02-16,MUFFINS,Blue Stru,0,6,6,6,0,0,0
2016-02-16,MUFFINS,Red Velvet,0,6,6,4,0,2,0
2016-02-16,MUFFINS,Choc Carm,0,6,6,5,0,1,0
2016-02-16,COOKIES/BARS,Oatmeal CC,7,12,19,11,0,0,8
2016-02-16,COOKIES/BARS,Peanut Butt,1,12,13,1,0,0,12
2016-02-16,COOKIES/BARS,PB Choc,10,6,16,10,0,3,3
2016-02-16,COOKIES/BARS,Triple Choc,10,12,22,15,0,1,6
2016-02-16,COOKIES/BARS,SnickerDoodle,12,12,24,5,0,7,12
2016-02-16,COOKIES/BARS,frosted,0,12,12,12,0,0,0
2016-02-16,COOKIES/BARS,Totals,40,192,208,109,44,14,41
2016-02-17,BREAD,H,24,18,42,34,0,0,8
2016-02-17,BREAD,FR,0,11,11,10,0,0,1
2016-02-17,BREAD,GW,3,4,7,7,0,0,0
2016-02-17,BREAD,DK,12,20,32,12,0,0,20
2016-02-17,BREAD,H5,10,0,10,5,0,0,5
2016-02-17,BREAD,CSWRL,18,12,30,17,0,6,7
2016-02-17,BREAD,cb,0,0,0,0,0,0,0
2016-02-17,BREAD,bfb,8,0,8,4,0,4,0
2016-02-17,BREAD,Cne,0,20,20,1,0,0,19
2016-02-17,BREAD,CnR,0,4,4,2,0,0,2
2016-02-17,BREAD,CnW,0,4,4,3,0,0,1
2016-02-17,BREAD,cg,0,15,15,2,1,0,12
2016-02-17,BREAD,cg-jal,0,6,6,4,1,0,1
2016-02-17,BREAD,vs,12,0,12,12,0,0,0
2016-02-17,BREAD,IHF,0,0,0,0,0,0,0
2016-02-17,BREAD,car,0,0,0,0,0,0,0
2016-02-17,BREAD,gluten-X,0,0,0,0,0,0,0
2016-02-17,BREAD,Glut-X Cin,0,0,0,0,0,0,0
2016-02-17,BREAD,H-RLS,0,4,4,0,0,0,4
2016-02-17,BREAD,FR-RLS,0,4,4,4,0,0,0
2016-02-17,BREAD,VS-RLS,2,0,2,2,0,0,0
2016-02-17,BREAD,Blue Stru,1,3,4,3,0,0,1
2016-02-17,BREAD,Red Velvet,2,2,4,1,0,1,2
2016-02-17,BREAD,Choc Carm,2,2,4,1,0,0,3
2016-02-17,BREAD,Morning GL,0,3,3,0,0,0,3
2016-02-17,ROLLS,Cinnamon,0,60,60,21,36,3,0
2016-02-17,ROLLS,Mini C-Roll,0,0,0,-24,24,0,0
2016-02-17,SCONES,Cherry,0,15,15,15,0,0,0
2016-02-17,SCONES,Blueberry,0,0,0,0,0,0,0
2016-02-17,SCONES,Butt Almd,0,0,0,0,0,0,0
2016-02-17,SCONES,Choc Chip,0,0,0,0,0,0,0
2016-02-17,SCONES,Cin Chip,0,11,11,7,0,4,0
2016-02-17,FRUIT BARS,Blueberry,0,4,4,4,0,0,0
2016-02-17,FRUIT BARS,Cherry,0,8,8,8,0,0,0
2016-02-17,FRUIT BARS,Cherry-White,0,8,8,7,0,1,0
2016-02-17,FRUIT BARS,Apple Cin,0,0,0,0,0,0,0
2016-02-17,MUFFINS,Blue Stru,0,7,7,7,0,0,0
2016-02-17,MUFFINS,Red Velvet,0,7,7,6,0,1,0
2016-02-17,MUFFINS,Choc Carm,0,7,7,6,0,1,0
2016-02-17,MUFFINS,Morning Gl,0,7,7,7,0,0,0
2016-02-17,COOKIES/BARS,Oatmeal CC,8,12,20,0,0,6,14
2016-02-17,COOKIES/BARS,Peanut Butt,12,0,12,12,0,0,0
2016-02-17,COOKIES/BARS,PB Choc,3,12,15,11,0,0,4
2016-02-17,COOKIES/BARS,Triple Choc,6,12,18,18,0,0,0
2016-02-17,COOKIES/BARS,SnickerDoodle,12,6,18,-4,0,10,12
2016-02-17,COOKIES/BARS,frosted,0,0,0,0,0,0,0
2016-02-17,COOKIES/BARS,Totals,41,176,157,80,60,23,30
2016-02-18,BREAD,H,8,31,39,27,8,0,4
2016-02-18,BREAD,FR,1,71,72,14,52,0,6
2016-02-18,BREAD,GW,0,6,6,0,0,0,6
2016-02-18,BREAD,DK,20,0,20,13,0,0,7
2016-02-18,BREAD,H5,5,20,25,12,3,0,10
2016-02-18,BREAD,CSWRL,7,16,23,12,0,0,11
2016-02-18,BREAD,cb,0,11,11,3,0,0,8
2016-02-18,BREAD,bfb,0,16,16,10,0,0,6
2016-02-18,BREAD,Cne,19,0,19,12,0,7,0
2016-02-18,BREAD,CnR,2,0,2,2,0,0,0
2016-02-18,BREAD,CnW,1,0,1,1,0,0,0
2016-02-18,BREAD,cg,12,0,12,5,0,7,0
2016-02-18,BREAD,cg-jal,1,0,1,0,0,1,0
2016-02-18,BREAD,vs,0,14,14,13,1,0,0
2016-02-18,BREAD,IHF,0,0,0,0,0,0,0
2016-02-18,BREAD,car,0,0,0,0,0,0,0
2016-02-18,BREAD,gluten-X,0,0,0,0,0,0,0
2016-02-18,BREAD,Glut-X Cin,0,0,0,0,0,0,0
2016-02-18,BREAD,H-BUNS,0,1,1,0,1,0,0
2016-02-18,BREAD,H-RLS,4,0,4,1,0,3,0
2016-02-18,BREAD,FR-RLS,0,5,5,1,0,0,4
2016-02-18,BREAD,VS-RLS,0,4,4,1,0,0,3
2016-02-18,BREAD,Blue Stru,1,5,6,6,0,0,0
2016-02-18,BREAD,Red Velvet,2,6,8,2,2,0,4
2016-02-18,BREAD,Choc Carm,3,4,7,-1,1,3,4
2016-02-18,BREAD,Morning GL,3,1,4,1,0,2,1
2016-02-18,ROLLS,Cinnamon,0,24,24,16,8,0,0
2016-02-18,ROLLS,Mini C-Roll,0,24,24,0,24,0,0
2016-02-18,SCONES,Cherry,0,0,0,0,0,0,0
2016-02-18,SCONES,Blueberry,0,22,22,20,0,2,0
2016-02-18,SCONES,Butt Almd,0,0,0,0,0,0,0
2016-02-18,SCONES,Choc Chip,0,0,0,0,0,0,0
2016-02-18,SCONES,Cin Chip,0,0,0,0,0,0,0
2016-02-18,FRUIT BARS,Blueberry,0,10,10,0,10,0,0
2016-02-18,FRUIT BARS,Cherry,0,18,18,8,10,0,0
2016-02-18,FRUIT BARS,Cherry-White,0,4,4,3,0,1,0
2016-02-18,FRUIT BARS,Apple Cin,0,8,8,8,0,0,0
2016-02-18,MUFFINS,Blue Stru,0,8,8,6,0,2,0
2016-02-18,MUFFINS,Red Velvet,0,6,6,2,0,4,0
2016-02-18,MUFFINS,Choc Carm,0,8,8,6,0,2,0
2016-02-18,MUFFINS,Morning Gl,0,6,6,5,0,1,0
2016-02-18,COOKIES/BARS,Oatmeal CC,14,54,68,19,46,0,3
2016-02-18,COOKIES/BARS,Peanut Butt,0,12,12,12,0,0,0
2016-02-18,COOKIES/BARS,PB Choc,4,12,16,12,0,0,4
2016-02-18,COOKIES/BARS,Triple Choc,0,42,42,14,22,0,6
2016-02-18,COOKIES/BARS,SnickerDoodle,12,30,42,11,22,6,3
2016-02-18,COOKIES/BARS,frosted,0,12,12,-1,0,0,13
2016-02-18,COOKIES/BARS,Totals,30,300,306,125,142,18,29
2016-02-19,BREAD,H,4,0,4,0,4,0,0
2016-02-19,BREAD,FR,6,0,6,6,0,0,0
2016-02-19,BREAD,GW,6,0,6,5,1,0,0
2016-02-19,BREAD,DK,7,0,7,6,1,0,0
2016-02-19,BREAD,H5,10,0,10,10,0,0,0
2016-02-19,BREAD,CSWRL,11,0,11,11,0,0,0
2016-02-19,BREAD,cb,8,0,8,8,0,0,0
2016-02-19,BREAD,bfb,6,0,6,6,0,0,0
2016-02-19,BREAD,Cne,0,0,0,0,0,0,0
2016-02-19,BREAD,CnR,0,0,0,-1,1,0,0
2016-02-19,BREAD,CnW,0,0,0,0,0,0,0
2016-02-19,BREAD,cg,0,0,0,0,0,0,0
2016-02-19,BREAD,cg-jal,0,0,0,0,0,0,0
2016-02-19,BREAD,vs,0,0,0,-1,0,1,0
2016-02-19,BREAD,IHF,0,0,0,0,0,0,0
2016-02-19,BREAD,car,0,0,0,0,0,0,0
2016-02-19,BREAD,gluten-X,0,0,0,0,0,0,0
2016-02-19,BREAD,Glut-X Cin,0,0,0,0,0,0,0
2016-02-19,BREAD,H-RLS,0,0,0,0,0,0,0
2016-02-19,BREAD,FR-RLS,4,0,4,4,0,0,0
2016-02-19,BREAD,VS-RLS,3,0,3,2,0,1,0
2016-02-19,BREAD,Blue Stru,0,6,6,6,0,0,0
2016-02-19,BREAD,Red Velvet,4,0,4,2,0,2,0
2016-02-19,BREAD,Choc Carm,4,2,6,4,0,0,2
2016-02-19,BREAD,Morning GL,1,3,4,3,0,0,1
2016-02-19,ROLLS,Cinnamon,0,36,36,36,0,0,0
2016-02-19,ROLLS,Mini C-Roll,0,0,0,0,0,0,0
2016-02-19,SCONES,Cherry,0,21,21,21,0,0,0
2016-02-19,SCONES,Blueberry,0,0,0,0,0,0,0
2016-02-19,SCONES,Butt Almd,0,20,20,20,0,0,0
2016-02-19,SCONES,Choc Chip,0,0,0,0,0,0,0
2016-02-19,SCONES,Cin Chip,0,0,0,0,0,0,0
2016-02-19,FRUIT BARS,Blueberry,0,4,4,4,0,0,0
2016-02-19,FRUIT BARS,Cherry,0,8,8,8,0,0,0
2016-02-19,FRUIT BARS,Cherry-White,0,8,8,8,0,0,0
2016-02-19,FRUIT BARS,Apple Cin,0,0,0,0,0,0,0
2016-02-19,MUFFINS,Blue Stru,0,8,8,8,0,0,0
2016-02-19,MUFFINS,Red Velvet,0,6,6,6,0,0,0
2016-02-19,MUFFINS,Choc Carm,0,8,8,8,0,0,0
2016-02-19,MUFFINS,Morning Gl,0,6,6,6,0,0,0
2016-02-19,COOKIES/BARS,Oatmeal CC,3,18,21,0,21,0,0
2016-02-19,COOKIES/BARS,Peanut Butt,0,12,12,12,0,0,0
2016-02-19,COOKIES/BARS,PB Choc,4,12,16,6,0,0,10
2016-02-19,COOKIES/BARS,Triple Choc,6,36,42,21,20,0,1
2016-02-19,COOKIES/BARS,SnickerDoodle,3,36,39,19,20,0,0
2016-02-19,COOKIES/BARS,frosted,13,6,19,14,0,1,4
2016-02-19,COOKIES/BARS,Totals,29,245,238,161,61,1,15
2016-02-20,BREAD,H,0,35,35,35,0,0,0
2016-02-20,BREAD,FR,0,21,21,21,0,0,0
2016-02-20,BREAD,GW,0,4,4,4,0,0,0
2016-02-20,BREAD,DK,0,15,15,15,0,0,0
2016-02-20,BREAD,H5,0,0,0,0,0,0,0
2016-02-20,BREAD,CSWRL,0,32,32,25,7,0,0
2016-02-20,BREAD,cb,0,0,0,0,0,0,0
2016-02-20,BREAD,bfb,0,0,0,0,0,0,0
2016-02-20,BREAD,Cne,0,9,9,9,0,0,0
2016-02-20,BREAD,CnR,0,4,4,4,0,0,0
2016-02-20,BREAD,CnW,0,4,4,4,0,0,0
2016-02-20,BREAD,cg,0,0,0,0,0,0,0
2016-02-20,BREAD,cg-jal,0,0,0,0,0,0,0
2016-02-20,BREAD,vs,0,18,18,18,0,0,0
2016-02-20,BREAD,IHF,0,0,0,0,0,0,0
2016-02-20,BREAD,car,0,0,0,0,0,0,0
2016-02-20,BREAD,gw bowl,0,5,5,5,0,0,0
2016-02-20,BREAD,gluten-X,0,0,0,0,0,0,0
2016-02-20,BREAD,Glut-X Cin,0,0,0,0,0,0,0
2016-02-20,BREAD,H-RLS,0,6,6,6,0,0,0
2016-02-20,BREAD,FR-RLS,0,6,6,6,0,0,0
2016-02-20,BREAD,VS-RLS,0,6,6,6,0,0,0
2016-02-20,BREAD,Blue Stru,0,8,8,6,2,0,0
2016-02-20,BREAD,Red Velvet,0,6,6,4,2,0,0
2016-02-20,BREAD,Choc Carm,2,6,8,6,2,0,0
2016-02-20,BREAD,Morning GL,1,3,4,4,0,0,0
2016-02-20,ROLLS,Cinnamon,0,84,84,68,0,16,0
2016-02-20,ROLLS,Mini C-Roll,0,0,0,0,0,0,0
2016-02-20,SCONES,Cherry,0,0,0,0,0,0,0
2016-02-20,SCONES,Blueberry,0,24,24,24,0,0,0
2016-02-20,SCONES,Butt Almd,0,20,20,20,0,0,0
2016-02-20,SCONES,Choc Chip,0,0,0,0,0,0,0
2016-02-20,SCONES,Cin Chip,0,0,0,0,0,0,0
2016-02-20,FRUIT BARS,Blueberry,0,0,0,0,0,0,0
2016-02-20,FRUIT BARS,Cherry,0,12,12,12,0,0,0
2016-02-20,FRUIT BARS,Cherry-White,0,16,16,12,0,4,0
2016-02-20,FRUIT BARS,Apple Cin,0,12,12,8,0,4,0
2016-02-20,MUFFINS,Blue Stru,0,10,10,10,0,0,0
2016-02-20,MUFFINS,Red Velvet,0,16,16,13,0,3,0
2016-02-20,MUFFINS,Choc Carm,0,10,10,7,0,3,0
2016-02-20,MUFFINS,Morning Gl,0,0,0,-2,0,2,0
2016-02-20,COOKIES/BARS,Oatmeal CC,0,18,18,15,3,0,0
2016-02-20,COOKIES/BARS,Peanut Butt,0,6,6,3,0,3,0
2016-02-20,COOKIES/BARS,PB Choc,10,6,16,12,0,4,0
2016-02-20,COOKIES/BARS,Triple Choc,1,18,19,15,3,1,0
2016-02-20,COOKIES/BARS,SnickerDoodle,0,18,18,9,3,6,0
2016-02-20,COOKIES/BARS,frosted,4,6,10,7,0,3,0
2016-02-20,COOKIES/BARS,Totals,15,276,207,165,9,33,0
2016-02-21,BREAD,H,0,0,0,0,0,0,0
2016-02-21,BREAD,FR,0,0,0,0,0,0,0
2016-02-21,BREAD,GW,0,0,0,0,0,0,0
2016-02-21,BREAD,DK,0,0,0,0,0,0,0
2016-02-21,BREAD,H5,0,0,0,0,0,0,0
2016-02-21,BREAD,CSWRL,0,0,0,0,0,0,0
2016-02-21,BREAD,cb,0,0,0,0,0,0,0
2016-02-21,BREAD,bfb,0,0,0,0,0,0,0
2016-02-21,BREAD,Cne,0,0,0,0,0,0,0
2016-02-21,BREAD,CnR,0,0,0,0,0,0,0
2016-02-21,BREAD,CnW,0,0,0,0,0,0,0
2016-02-21,BREAD,cg,0,0,0,0,0,0,0
2016-02-21,BREAD,cg-jal,0,0,0,0,0,0,0
2016-02-21,BREAD,vs,0,0,0,0,0,0,0
2016-02-21,BREAD,IHF,0,0,0,0,0,0,0
2016-02-21,BREAD,car,0,0,0,0,0,0,0
2016-02-21,BREAD,gluten-X,0,0,0,0,0,0,0
2016-02-21,BREAD,Glut-X Cin,0,0,0,0,0,0,0
2016-02-21,BREAD,H-RLS,0,0,0,0,0,0,0
2016-02-21,BREAD,FR-RLS,0,0,0,0,0,0,0
2016-02-21,BREAD,VS-RLS,0,0,0,0,0,0,0
2016-02-21,BREAD,Blue Stru,0,0,0,0,0,0,0
2016-02-21,BREAD,Red Velvet,0,0,0,0,0,0,0
2016-02-21,BREAD,Choc Carm,0,0,0,0,0,0,0
2016-02-21,ROLLS,Cinnamon,0,0,0,0,0,0,0
2016-02-21,ROLLS,Mini C-Roll,0,0,0,0,0,0,0
2016-02-21,SCONES,Cherry,0,0,0,0,0,0,0
2016-02-21,SCONES,Blueberry,0,0,0,0,0,0,0
2016-02-21,SCONES,Butt Almd,0,0,0,0,0,0,0
2016-02-21,SCONES,Choc Chip,0,0,0,0,0,0,0
2016-02-21,SCONES,Cin Chip,0,0,0,0,0,0,0
2016-02-21,FRUIT BARS,Blueberry,0,0,0,0,0,0,0
2016-02-21,FRUIT BARS,Cherry,0,0,0,0,0,0,0
2016-02-21,FRUIT BARS,Cherry-White,0,0,0,0,0,0,0
2016-02-21,FRUIT BARS,Apple Cin,0,0,0,0,0,0,0
2016-02-21,MUFFINS,Blue Stru,0,0,0,0,0,0,0
2016-02-21,MUFFINS,Red Velvet,0,0,0,0,0,0,0
2016-02-21,MUFFINS,Choc Carm,0,0,0,0,0,0,0
2016-02-21,COOKIES/BARS,Oatmeal CC,0,0,0,0,0,0,0
2016-02-21,COOKIES/BARS,Peanut Butt,0,0,0,0,0,0,0
2016-02-21,COOKIES/BARS,PB Choc,0,0,0,0,0,0,0
2016-02-21,COOKIES/BARS,Triple Choc,0,0,0,0,0,0,0
2016-02-21,COOKIES/BARS,SnickerDoodle,0,0,0,0,0,0,0
2016-02-21,COOKIES/BARS,frosted,0,0,0,0,0,0,0
2016-02-21,COOKIES/BARS,Totals,0,0,0,0,0,0,0
2016-02-22,BREAD,H,0,35,35,24,3,0,8
2016-02-22,BREAD,FR,0,22,22,12,5,0,5
2016-02-22,BREAD,GW,0,9,9,8,1,0,0
2016-02-22,BREAD,DK,0,29,29,13,3,0,13
2016-02-22,BREAD,H5,0,0,0,0,0,0,0
2016-02-22,BREAD,CSWRL,0,24,24,24,0,0,0
2016-02-22,BREAD,cb,0,0,0,0,0,0,0
2016-02-22,BREAD,bfb,0,0,0,0,0,0,0
2016-02-22,BREAD,Cne,0,24,24,13,0,0,11
2016-02-22,BREAD,CnR,0,4,4,2,0,0,2
2016-02-22,BREAD,CnW,0,4,4,4,0,0,0
2016-02-22,BREAD,cg,0,20,20,13,0,0,7
2016-02-22,BREAD,cg-jal,0,0,0,0,0,0,0
2016-02-22,BREAD,vs,0,0,0,0,0,0,0
2016-02-22,BREAD,IHF,0,0,0,0,0,0,0
2016-02-22,BREAD,car,0,0,0,0,0,0,0
2016-02-22,BREAD,gluten-X,0,0,0,0,0,0,0
2016-02-22,BREAD,Glut-X Cin,0,0,0,0,0,0,0
2016-02-22,BREAD,H-RLS,0,4,4,4,0,0,0
2016-02-22,BREAD,FR-RLS,0,3,3,1,0,0,2
2016-02-22,BREAD,VS-RLS,0,0,0,0,0,0,0
2016-02-22,BREAD,Blue Stru,0,4,4,2,0,0,2
2016-02-22,BREAD,Red Velvet,0,4,4,1,0,0,3
2016-02-22,BREAD,Choc Carm,0,4,4,2,0,0,2
2016-02-22,BREAD,Morning GL,0,4,4,4,0,0,0
2016-02-22,ROLLS,Cinnamon,0,12,12,9,0,3,0
2016-02-22,ROLLS,Mini C-Roll,0,0,0,0,0,0,0
2016-02-22,SCONES,Cherry,0,12,12,9,0,3,0
2016-02-22,SCONES,Blueberry,0,0,0,0,0,0,0
2016-02-22,SCONES,Butt Almd,0,0,0,0,0,0,0
2016-02-22,SCONES,Choc Chip,0,0,0,-1,0,1,0
2016-02-22,SCONES,Cin Chip,0,0,0,0,0,0,0
2016-02-22,FRUIT BARS,Blueberry,0,28,28,3,25,0,0
2016-02-22,FRUIT BARS,Cherry,0,4,4,1,0,3,0
2016-02-22,FRUIT BARS,Cherry-White,0,28,28,0,25,3,0
2016-02-22,FRUIT BARS,Apple Cin,0,0,0,0,0,0,0
2016-02-22,MUFFINS,Blue Stru,0,7,7,4,0,3,0
2016-02-22,MUFFINS,Red Velvet,0,7,7,0,0,7,0
2016-02-22,MUFFINS,Choc Carm,0,7,7,4,0,3,0
2016-02-22,MUFFINS,Morning Gl,0,0,0,0,0,0,0
2016-02-22,COOKIES/BARS,Oatmeal CC,0,42,42,11,18,0,13
2016-02-22,COOKIES/BARS,Peanut Butt,0,12,12,10,0,0,2
2016-02-22,COOKIES/BARS,PB Choc,0,12,12,6,0,0,6
2016-02-22,COOKIES/BARS,Triple Choc,0,36,36,18,18,0,0
2016-02-22,COOKIES/BARS,SnickerDoodle,0,36,36,13,17,0,6
2016-02-22,COOKIES/BARS,frosted,0,12,12,6,0,0,6
2016-02-22,COOKIES/BARS,eye Cookies,0,180,180,0,180,0,0
2016-02-22,COOKIES/BARS,Totals,0,435,423,84,283,23,33
2016-02-23,BREAD,H,8,29,37,14,0,0,23
2016-02-23,BREAD,FR,5,46,51,19,28,0,4
2016-02-23,BREAD,GW,0,16,16,11,1,0,4
2016-02-23,BREAD,DK,13,0,13,13,0,0,0
2016-02-23,BREAD,H5,0,18,18,18,0,0,0
2016-02-23,BREAD,CSWRL,0,28,28,21,0,0,7
2016-02-23,BREAD,cb,0,0,0,0,0,0,0
2016-02-23,BREAD,bfb,0,16,16,11,0,0,5
2016-02-23,BREAD,Cne,11,0,11,11,0,0,0
2016-02-23,BREAD,CnR,2,0,2,2,0,0,0
2016-02-23,BREAD,CnW,0,0,0,0,0,0,0
2016-02-23,BREAD,cg,7,0,7,7,0,0,0
2016-02-23,BREAD,cg-jal,0,0,0,0,0,0,0
2016-02-23,BREAD,vs,0,17,17,3,0,0,14
2016-02-23,BREAD,IHF,0,0,0,0,0,0,0
2016-02-23,BREAD,car,0,0,0,0,0,0,0
2016-02-23,BREAD,gluten-X,0,0,0,0,0,0,0
2016-02-23,BREAD,Glut-X Cin,0,0,0,0,0,0,0
2016-02-23,BREAD,H-RLS,0,0,0,-2,0,2,0
2016-02-23,BREAD,FR-RLS,2,2,4,2,0,0,2
2016-02-23,BREAD,VS-RLS,0,4,4,0,1,0,3
2016-02-23,BREAD,Blue Stru,2,2,4,2,0,0,2
2016-02-23,BREAD,Red Velvet,3,1,4,3,0,0,1
2016-02-23,BREAD,Choc Carm,2,2,4,3,0,0,1
2016-02-23,ROLLS,Cinnamon,0,24,24,24,0,0,0
2016-02-23,ROLLS,Mini C-Roll,0,0,0,0,0,0,0
2016-02-23,SCONES,Cherry,0,0,0,0,0,0,0
2016-02-23,SCONES,Blueberry,0,24,24,15,4,5,0
2016-02-23,SCONES,Butt Almd,0,0,0,0,0,0,0
2016-02-23,SCONES,Choc Chip,0,10,10,8,0,2,0
2016-02-23,SCONES,Cin Chip,0,0,0,0,0,0,0
2016-02-23,FRUIT BARS,Blueberry,0,0,0,0,0,0,0
2016-02-23,FRUIT BARS,Cherry,0,8,8,6,0,2,0
2016-02-23,FRUIT BARS,Cherry-White,0,4,4,4,0,0,0
2016-02-23,FRUIT BARS,Apple Cin,0,8,8,6,0,2,0
2016-02-23,MUFFINS,Blue Stru,0,6,6,5,0,1,0
2016-02-23,MUFFINS,Red Velvet,0,6,6,3,0,3,0
2016-02-23,MUFFINS,Choc Carm,0,6,6,0,0,6,0
2016-02-23,COOKIES/BARS,Oatmeal CC,13,6,19,8,0,6,5
2016-02-23,COOKIES/BARS,Peanut Butt,2,12,14,14,0,0,0
2016-02-23,COOKIES/BARS,PB Choc,6,6,12,9,0,0,3
2016-02-23,COOKIES/BARS,Triple Choc,0,24,24,9,0,0,15
2016-02-23,COOKIES/BARS,SnickerDoodle,6,18,24,13,0,0,11
2016-02-23,COOKIES/BARS,frosted,6,6,12,9,0,0,3
2016-02-23,COOKIES/BARS,Totals,33,168,177,109,4,27,37
2016-02-24,BREAD,H,23,17,40,12,0,0,28
2016-02-24,BREAD,FR,4,24,28,11,0,0,17
2016-02-24,BREAD,GW,4,10,14,6,0,0,8
2016-02-24,BREAD,DK,0,30,30,5,1,0,24
2016-02-24,BREAD,H5,0,0,0,0,0,0,0
2016-02-24,BREAD,CSWRL,7,16,23,12,0,1,10
2016-02-24,BREAD,cb,0,0,0,0,0,0,0
2016-02-24,BREAD,bfb,5,0,5,4,0,1,0
2016-02-24,BREAD,Cne,0,16,16,3,0,0,13
2016-02-24,BREAD,CnR,0,4,4,1,0,0,3
2016-02-24,BREAD,CnW,0,4,4,2,0,0,2
2016-02-24,BREAD,cg,0,19,19,7,0,0,12
2016-02-24,BREAD,cg-jal,0,0,0,-1,1,0,0
2016-02-24,BREAD,vs,14,0,14,3,0,11,0
2016-02-24,BREAD,IHF,0,28,28,22,4,0,2
2016-02-24,BREAD,car,0,0,0,0,0,0,0
2016-02-24,BREAD,gluten-X,0,0,0,0,0,0,0
2016-02-24,BREAD,Glut-X Cin,0,0,0,0,0,0,0
2016-02-24,BREAD,H-RLS,0,4,4,2,0,0,2
2016-02-24,BREAD,FR-RLS,2,4,6,4,0,0,2
2016-02-24,BREAD,VS-RLS,3,0,3,3,0,0,0
2016-02-24,BREAD,Blue Stru,2,2,4,2,0,0,2
2016-02-24,BREAD,Red Velvet,1,4,5,0,1,1,3
2016-02-24,BREAD,Choc Carm,1,3,4,0,0,1,3
2016-02-24,ROLLS,Cinnamon,0,12,12,12,0,0,0
2016-02-24,ROLLS,Mini C-Roll,0,0,0,-48,48,0,0
2016-02-24,SCONES,Cherry,0,8,8,2,0,6,0
2016-02-24,SCONES,Blueberry,0,0,0,0,0,0,0
2016-02-24,SCONES,Butt Almd,0,0,0,0,0,0,0
2016-02-24,SCONES,Choc Chip,0,0,0,0,0,0,0
2016-02-24,SCONES,Cin Chip,0,12,12,11,0,1,0
2016-02-24,FRUIT BARS,Blueberry,0,4,4,3,1,0,0
2016-02-24,FRUIT BARS,Cherry,0,8,8,6,1,1,0
2016-02-24,FRUIT BARS,Cherry-White,0,8,8,5,2,1,0
2016-02-24,FRUIT BARS,Apple Cin,0,0,0,0,0,0,0
2016-02-24,MUFFINS,Blue Stru,0,8,8,6,0,2,0
2016-02-24,MUFFINS,Red Velvet,0,8,8,6,0,2,0
2016-02-24,MUFFINS,Choc Carm,0,8,8,6,0,2,0
2016-02-24,COOKIES/BARS,Oatmeal CC,5,24,29,11,10,0,8
2016-02-24,COOKIES/BARS,Peanut Butt,0,24,24,1,9,0,14
2016-02-24,COOKIES/BARS,PB Choc,3,18,21,7,9,0,5
2016-02-24,COOKIES/BARS,Triple Choc,15,12,27,8,10,8,1
2016-02-24,COOKIES/BARS,SnickerDoodle,11,18,29,5,10,6,8
2016-02-24,COOKIES/BARS,frosted,3,12,15,5,0,0,10
2016-02-24,COOKIES/BARS,Kahuna,0,20,20,7,5,0,8
2016-02-24,COOKIES/BARS,Totals,37,204,229,41,105,29,54
2016-02-25,BREAD,H,28,18,46,15,0,0,31
2016-02-25,BREAD,FR,17,47,64,17,35,0,12
2016-02-25,BREAD,GW,8,6,14,11,0,0,3
2016-02-25,BREAD,DK,24,0,24,9,0,0,15
2016-02-25,BREAD,H5,0,17,17,6,0,0,11
2016-02-25,BREAD,CSWRL,10,12,22,11,0,0,11
2016-02-25,BREAD,cb,0,0,0,0,0,0,0
2016-02-25,BREAD,bfb,0,0,0,0,0,0,0
2016-02-25,BREAD,Cne,13,0,13,7,0,6,0
2016-02-25,BREAD,CnR,3,0,3,2,0,1,0
2016-02-25,BREAD,CnW,2,0,2,1,0,1,0
2016-02-25,BREAD,cg,12,0,12,12,0,0,0
2016-02-25,BREAD,cg-jal,0,0,0,0,0,0,0
2016-02-25,BREAD,vs,0,21,21,6,0,0,15
2016-02-25,BREAD,IHF,2,0,2,2,0,0,0
2016-02-25,BREAD,car,0,0,0,0,0,0,0
2016-02-25,BREAD,ISB,0,17,17,11,0,0,6
2016-02-25,BREAD,gluten-X,0,0,0,0,0,0,0
2016-02-25,BREAD,Glut-X Cin,0,0,0,0,0,0,0
2016-02-25,BREAD,H-RLS,2,2,4,3,0,0,1
2016-02-25,BREAD,FR-RLS,2,3,5,1,0,1,3
2016-02-25,BREAD,VS-RLS,0,4,4,4,0,0,0
2016-02-25,BREAD,Blue Stru,2,4,6,4,0,0,2
2016-02-25,BREAD,Red Velvet,3,3,6,5,0,0,1
2016-02-25,BREAD,Choc Carm,3,3,6,3,0,0,3
2016-02-25,ROLLS,Cinnamon,0,24,24,20,0,4,0
2016-02-25,ROLLS,Mini C-Roll,0,0,0,0,0,0,0
2016-02-25,SCONES,Cherry,0,0,0,0,0,0,0
2016-02-25,SCONES,Blueberry,0,18,18,17,0,1,0
2016-02-25,SCONES,Butt Almd,0,0,0,0,0,0,0
2016-02-25,SCONES,Choc Chip,0,0,0,0,0,0,0
2016-02-25,SCONES,Cin Chip,0,0,0,-1,0,1,0
2016-02-25,FRUIT BARS,Blueberry,0,0,0,0,0,0,0
2016-02-25,FRUIT BARS,Cherry,0,8,8,8,0,0,0
2016-02-25,FRUIT BARS,Cherry-White,0,4,4,2,0,2,0
2016-02-25,FRUIT BARS,Apple Cin,0,8,8,5,0,3,0
2016-02-25,MUFFINS,Blue Stru,0,8,8,7,0,1,0
2016-02-25,MUFFINS,Red Velvet,0,6,6,5,0,1,0
2016-02-25,MUFFINS,Choc Carm,0,8,8,6,0,2,0
2016-02-25,COOKIES/BARS,Oatmeal CC,8,12,20,10,0,0,10
2016-02-25,COOKIES/BARS,Peanut Butt,14,0,14,6,0,8,0
2016-02-25,COOKIES/BARS,PB Choc,5,6,11,9,0,0,2
2016-02-25,COOKIES/BARS,Triple Choc,1,18,19,8,0,0,11
2016-02-25,COOKIES/BARS,SnickerDoodle,8,12,20,8,0,0,12
2016-02-25,COOKIES/BARS,frosted,10,6,16,10,0,2,4
2016-02-25,COOKIES/BARS,Totals,54,138,168,107,0,22,39
2016-02-26,BREAD,H,31,24,55,24,2,0,29
2016-02-26,BREAD,FR,12,29,41,24,0,0,17
2016-02-26,BREAD,GW,3,8,11,8,1,1,1
2016-02-26,BREAD,DK,15,29,44,15,7,0,22
2016-02-26,BREAD,H5,11,0,11,11,0,0,0
2016-02-26,BREAD,CSWRL,11,16,27,26,0,0,1
2016-02-26,BREAD,cb,0,0,0,0,0,0,0
2016-02-26,BREAD,bfb,0,0,0,0,0,0,0
2016-02-26,BREAD,Cne,0,16,16,14,2,0,0
2016-02-26,BREAD,CnR,0,8,8,4,0,0,4
2016-02-26,BREAD,CnW,0,8,8,7,0,0,1
2016-02-26,BREAD,cg,0,12,12,9,0,0,3
2016-02-26,BREAD,cg-jal,0,4,4,4,0,0,0
2016-02-26,BREAD,vs,15,0,15,8,0,7,0
2016-02-26,BREAD,IHF,0,0,0,0,0,0,0
2016-02-26,BREAD,car,0,0,0,0,0,0,0
2016-02-26,BREAD,ISB,6,0,6,5,0,1,0
2016-02-26,BREAD,G&S,0,16,16,9,1,0,6
2016-02-26,BREAD,cg pesto,0,4,4,4,0,0,0
2016-02-26,BREAD,gluten-X,0,0,0,0,0,0,0
2016-02-26,BREAD,Glut-X Cin,0,0,0,0,0,0,0
2016-02-26,BREAD,H-RLS,1,5,6,0,0,1,5
2016-02-26,BREAD,FR-RLS,3,3,6,4,0,0,2
2016-02-26,BREAD,VS-RLS,0,0,0,0,0,0,0
2016-02-26,BREAD,Blue Stru,2,0,2,2,0,0,0
2016-02-26,BREAD,Red Velvet,1,0,1,1,0,0,0
2016-02-26,BREAD,Choc Carm,3,0,3,3,0,0,0
2016-02-26,BREAD,Lemon Blue,0,6,6,6,0,0,0
2016-02-26,BREAD,Straw Short,0,6,6,5,0,0,1
2016-02-26,ROLLS,Cinnamon,0,36,36,36,0,0,0
2016-02-26,ROLLS,Mini C-Roll,0,0,0,0,0,0,0
2016-02-26,SCONES,Cherry,0,21,21,17,0,4,0
2016-02-26,SCONES,Blueberry,0,0,0,0,0,0,0
2016-02-26,SCONES,Butt Almd,0,24,24,16,0,8,0
2016-02-26,SCONES,Choc Chip,0,0,0,0,0,0,0
2016-02-26,SCONES,Cin Chip,0,0,0,0,0,0,0
2016-02-26,FRUIT BARS,Blueberry,0,8,8,8,0,0,0
2016-02-26,FRUIT BARS,Cherry,0,12,12,12,0,0,0
2016-02-26,FRUIT BARS,straw,0,0,0,0,0,0,0
2016-02-26,FRUIT BARS,Apple Cin,0,0,0,0,0,0,0
2016-02-26,MUFFINS,Lemon Blue,0,10,10,10,0,0,0
2016-02-26,MUFFINS,Straw Short,0,10,10,10,0,0,0
2016-02-26,MUFFINS,Choc Carm,0,7,7,7,0,0,0
2016-02-26,COOKIES/BARS,Oatmeal CC,10,18,28,6,5,6,11
2016-02-26,COOKIES/BARS,Peanut Butt,0,12,12,10,0,0,2
2016-02-26,COOKIES/BARS,PB Choc,2,12,14,11,0,0,3
2016-02-26,COOKIES/BARS,Triple Choc,11,12,23,16,4,0,3
2016-02-26,COOKIES/BARS,SnickerDoodle,12,12,24,11,3,0,10
2016-02-26,COOKIES/BARS,frosted,4,18,22,15,0,0,7
2016-02-26,COOKIES/BARS,Totals,39,212,215,149,12,18,36
2016-02-27,BREAD,H,29,0,29,29,0,0,0
2016-02-27,BREAD,FR,17,0,17,16,0,1,0
2016-02-27,BREAD,GW,1,7,8,5,0,3,0
2016-02-27,BREAD,DK,22,0,22,22,0,0,0
2016-02-27,BREAD,H5,0,0,0,0,0,0,0
2016-02-27,BREAD,CSWRL,1,28,29,25,4,0,0
2016-02-27,BREAD,cb,0,0,0,0,0,0,0
2016-02-27,BREAD,bfb,0,0,0,0,0,0,0
2016-02-27,BREAD,Cne,0,0,0,0,0,0,0
2016-02-27,BREAD,CnR,4,0,4,4,0,0,0
2016-02-27,BREAD,CnW,1,0,1,1,0,0,0
2016-02-27,BREAD,cg,3,0,3,3,0,0,0
2016-02-27,BREAD,cg-jal,0,0,0,0,0,0,0
2016-02-27,BREAD,vs,0,13,13,13,0,0,0
2016-02-27,BREAD,IHF,0,0,0,0,0,0,0
2016-02-27,BREAD,car,0,0,0,0,0,0,0
2016-02-27,BREAD,ISB,0,12,12,10,0,2,0
2016-02-27,BREAD,gluten-X,0,0,0,0,0,0,0
2016-02-27,BREAD,Glut-X Cin,0,0,0,0,0,0,0
2016-02-27,BREAD,H-RLS,5,0,5,1,0,4,0
2016-02-27,BREAD,FR-RLS,2,0,2,1,0,1,0
2016-02-27,BREAD,VS-RLS,0,4,4,4,0,0,0
2016-02-27,BREAD,Red Velvet,0,2,2,0,2,0,0
2016-02-27,BREAD,Choc Carm,0,6,6,4,2,0,0
2016-02-27,BREAD,Lemon Blue,0,3,3,1,2,0,0
2016-02-27,BREAD,Straw Short,1,7,8,5,2,1,0
2016-02-27,ROLLS,Cinnamon,0,60,60,60,0,0,0
2016-02-27,ROLLS,Mini C-Roll,0,96,96,0,96,0,0
2016-02-27,SCONES,Cherry,0,0,0,0,0,0,0
2016-02-27,SCONES,Blueberry,0,24,24,24,0,0,0
2016-02-27,SCONES,Butt Almd,0,26,26,26,0,0,0
2016-02-27,SCONES,Choc Chip,0,0,0,0,0,0,0
2016-02-27,SCONES,Cin Chip,0,0,0,0,0,0,0
2016-02-27,SCONES,Blarney,0,8,8,8,0,0,0
2016-02-27,FRUIT BARS,Blueberry,0,12,12,6,6,0,0
2016-02-27,FRUIT BARS,Cherry,0,12,12,12,0,0,0
2016-02-27,FRUIT BARS,straw,0,8,8,8,0,0,0
2016-02-27,FRUIT BARS,Apple Cin,0,8,8,8,0,0,0
2016-02-27,MUFFINS,Lemon Blue,0,12,12,10,0,2,0
2016-02-27,MUFFINS,Straw Short,0,12,12,8,0,4,0
2016-02-27,MUFFINS,Choc Carm,0,8,8,8,0,0,0
2016-02-27,MUFFINS,Red Velvet,0,0,0,0,0,0,0
2016-02-27,COOKIES/BARS,Oatmeal CC,11,6,17,10,4,3,0
2016-02-27,COOKIES/BARS,Peanut Butt,2,6,8,3,0,5,0
2016-02-27,COOKIES/BARS,PB Choc,3,6,9,8,0,1,0
2016-02-27,COOKIES/BARS,Triple Choc,3,18,21,15,5,1,0
2016-02-27,COOKIES/BARS,SnickerDoodle,10,6,16,5,5,6,0
2016-02-27,COOKIES/BARS,frosted,7,18,25,13,12,0,0
2016-02-27,COOKIES/BARS,Totals,36,346,322,172,128,22,0
2016-02-28,BREAD,H,0,0,0,0,0,0,0
2016-02-28,BREAD,FR,0,0,0,0,0,0,0
2016-02-28,BREAD,GW,0,0,0,0,0,0,0
2016-02-28,BREAD,DK,0,0,0,0,0,0,0
2016-02-28,BREAD,H5,0,0,0,0,0,0,0
2016-02-28,BREAD,CSWRL,0,0,0,0,0,0,0
2016-02-28,BREAD,cb,0,0,0,0,0,0,0
2016-02-28,BREAD,bfb,0,0,0,0,0,0,0
2016-02-28,BREAD,Cne,0,0,0,0,0,0,0
2016-02-28,BREAD,CnR,0,0,0,0,0,0,0
2016-02-28,BREAD,CnW,0,0,0,0,0,0,0
2016-02-28,BREAD,cg,0,0,0,0,0,0,0
2016-02-28,BREAD,cg-jal,0,0,0,0,0,0,0
2016-02-28,BREAD,vs,0,0,0,0,0,0,0
2016-02-28,BREAD,IHF,0,0,0,0,0,0,0
2016-02-28,BREAD,car,0,0,0,0,0,0,0
2016-02-28,BREAD,gluten-X,0,0,0,0,0,0,0
2016-02-28,BREAD,Glut-X Cin,0,0,0,0,0,0,0
2016-02-28,BREAD,H-RLS,0,0,0,0,0,0,0
2016-02-28,BREAD,FR-RLS,0,0,0,0,0,0,0
2016-02-28,BREAD,VS-RLS,0,0,0,0,0,0,0
2016-02-28,BREAD,Blue Stru,0,0,0,0,0,0,0
2016-02-28,BREAD,Red Velvet,0,0,0,0,0,0,0
2016-02-28,BREAD,Choc Carm,0,0,0,0,0,0,0
2016-02-28,ROLLS,Cinnamon,0,0,0,0,0,0,0
2016-02-28,ROLLS,Mini C-Roll,0,0,0,0,0,0,0
2016-02-28,SCONES,Cherry,0,0,0,0,0,0,0
2016-02-28,SCONES,Blueberry,0,0,0,0,0,0,0
2016-02-28,SCONES,Butt Almd,0,0,0,0,0,0,0
2016-02-28,SCONES,Choc Chip,0,0,0,0,0,0,0
2016-02-28,SCONES,Cin Chip,0,0,0,0,0,0,0
2016-02-28,FRUIT BARS,Blueberry,0,0,0,0,0,0,0
2016-02-28,FRUIT BARS,Cherry,0,0,0,0,0,0,0
2016-02-28,FRUIT BARS,Cherry-White,0,0,0,0,0,0,0
2016-02-28,FRUIT BARS,Apple Cin,0,0,0,0,0,0,0
2016-02-28,MUFFINS,Blue Stru,0,0,0,0,0,0,0
2016-02-28,MUFFINS,Red Velvet,0,0,0,0,0,0,0
2016-02-28,MUFFINS,Choc Carm,0,0,0,0,0,0,0
2016-02-28,COOKIES/BARS,Oatmeal CC,0,0,0,0,0,0,0
2016-02-28,COOKIES/BARS,Peanut Butt,0,0,0,0,0,0,0
2016-02-28,COOKIES/BARS,PB Choc,0,0,0,0,0,0,0
2016-02-28,COOKIES/BARS,Triple Choc,0,0,0,0,0,0,0
2016-02-28,COOKIES/BARS,SnickerDoodle,0,0,0,0,0,0,0
2016-02-28,COOKIES/BARS,frosted,0,0,0,0,0,0,0
2016-02-28,COOKIES/BARS,Totals,0,0,0,0,0,0,0
2016-02-29,BREAD,H,0,32,32,21,3,0,8
2016-02-29,BREAD,FR,0,24,24,9,5,0,10
2016-02-29,BREAD,GW,0,4,4,3,1,0,0
2016-02-29,BREAD,DK,0,30,30,15,3,0,12
2016-02-29,BREAD,H5,0,0,0,0,0,0,0
2016-02-29,BREAD,CSWRL,0,24,24,16,0,0,8
2016-02-29,BREAD,cb,0,0,0,0,0,0,0
2016-02-29,BREAD,bfb,0,0,0,0,0,0,0
2016-02-29,BREAD,Cne,0,24,24,6,0,0,18
2016-02-29,BREAD,CnR,0,4,4,3,1,0,0
2016-02-29,BREAD,CnW,0,4,4,2,0,0,2
2016-02-29,BREAD,cg,0,17,17,3,0,0,14
2016-02-29,BREAD,cg-jal,0,4,4,0,0,0,4
2016-02-29,BREAD,vs,0,0,0,0,0,0,0
2016-02-29,BREAD,IHF,0,0,0,0,0,0,0
2016-02-29,BREAD,car,0,0,0,0,0,0,0
2016-02-29,BREAD,VA Swrl,0,4,4,4,0,0,0
2016-02-29,BREAD,gluten-X,0,0,0,0,0,0,0
2016-02-29,BREAD,Glut-X Cin,0,0,0,0,0,0,0
2016-02-29,BREAD,H-RLS,0,4,4,1,0,0,3
2016-02-29,BREAD,FR-RLS,0,4,4,1,0,0,3
2016-02-29,BREAD,VS-RLS,0,0,0,0,0,0,0
2016-02-29,BREAD,Lemon Blue,0,6,6,3,1,0,2
2016-02-29,BREAD,Straw Short,0,4,4,1,0,0,3
2016-02-29,BREAD,Choc Carm,0,4,4,0,0,0,4
2016-02-29,ROLLS,Cinnamon,0,24,24,22,0,2,0
2016-02-29,ROLLS,Mini C-Roll,0,0,0,0,0,0,0
2016-02-29,SCONES,Cherry,0,12,12,9,0,3,0
2016-02-29,SCONES,Blueberry,0,0,0,0,0,0,0
2016-02-29,SCONES,Butt Almd,0,0,0,0,0,0,0
2016-02-29,SCONES,Choc Chip,0,12,12,8,0,4,0
2016-02-29,SCONES,Cin Chip,0,0,0,0,0,0,0
2016-02-29,SCONES,Blarney,0,6,6,3,0,3,0
2016-02-29,FRUIT BARS,Blueberry,0,44,44,44,0,0,0
2016-02-29,FRUIT BARS,Cherry,0,8,8,6,1,1,0
2016-02-29,FRUIT BARS,straw,0,8,8,6,1,1,0
2016-02-29,FRUIT BARS,Apple Cin,0,0,0,0,0,0,0
2016-02-29,MUFFINS,Lemon Blue,0,7,7,7,0,0,0
2016-02-29,MUFFINS,Straw Short,0,7,7,7,0,0,0
2016-02-29,MUFFINS,Choc Carm,0,7,7,2,0,5,0
2016-02-29,COOKIES/BARS,Oatmeal CC,0,30,30,4,10,0,16
2016-02-29,COOKIES/BARS,Peanut Butt,0,12,12,2,0,0,10
2016-02-29,COOKIES/BARS,PB Choc,0,12,12,5,0,0,7
2016-02-29,COOKIES/BARS,Triple Choc,0,30,30,9,9,0,12
2016-02-29,COOKIES/BARS,SnickerDoodle,0,30,30,6,10,0,14
2016-02-29,COOKIES/BARS,frosted,0,12,12,7,0,0,5
2016-02-29,COOKIES/BARS,Kahuna,0,20,20,0,20,0,0
2016-02-29,COOKIES/BARS,Totals,0,281,257,125,51,17,64
2016-02-30,BREAD,H,8,0,8,8,0,0,0
2016-02-30,BREAD,FR,10,0,10,10,0,0,0
2016-02-30,BREAD,GW,0,0,0,0,0,0,0
2016-02-30,BREAD,DK,12,0,12,12,0,0,0
2016-02-30,BREAD,H5,0,0,0,0,0,0,0
2016-02-30,BREAD,CSWRL,8,0,8,8,0,0,0
2016-02-30,BREAD,cb,0,0,0,0,0,0,0
2016-02-30,BREAD,bfb,0,0,0,0,0,0,0
2016-02-30,BREAD,Cne,18,0,18,18,0,0,0
2016-02-30,BREAD,CnR,0,0,0,0,0,0,0
2016-02-30,BREAD,CnW,2,0,2,2,0,0,0
2016-02-30,BREAD,cg,14,0,14,14,0,0,0
2016-02-30,BREAD,cg-jal,4,0,4,4,0,0,0
2016-02-30,BREAD,vs,0,0,0,0,0,0,0
2016-02-30,BREAD,IHF,0,0,0,0,0,0,0
2016-02-30,BREAD,car,0,0,0,0,0,0,0
2016-02-30,BREAD,gluten-X,0,0,0,0,0,0,0
2016-02-30,BREAD,Glut-X Cin,0,0,0,0,0,0,0
2016-02-30,BREAD,H-RLS,3,0,3,3,0,0,0
2016-02-30,BREAD,FR-RLS,3,0,3,3,0,0,0
2016-02-30,BREAD,VS-RLS,0,0,0,0,0,0,0
2016-02-30,BREAD,Blue Stru,2,0,2,2,0,0,0
2016-02-30,BREAD,Red Velvet,3,0,3,3,0,0,0
2016-02-30,BREAD,Choc Carm,4,0,4,4,0,0,0
2016-02-30,ROLLS,Cinnamon,0,0,0,0,0,0,0
2016-02-30,ROLLS,Mini C-Roll,0,0,0,0,0,0,0
2016-02-30,SCONES,Cherry,0,0,0,0,0,0,0
2016-02-30,SCONES,Blueberry,0,0,0,0,0,0,0
2016-02-30,SCONES,Butt Almd,0,0,0,0,0,0,0
2016-02-30,SCONES,Choc Chip,0,0,0,0,0,0,0
2016-02-30,SCONES,Cin Chip,0,0,0,0,0,0,0
2016-02-30,FRUIT BARS,Blueberry,0,0,0,0,0,0,0
2016-02-30,FRUIT BARS,Cherry,0,0,0,0,0,0,0
2016-02-30,FRUIT BARS,Cherry-White,0,0,0,0,0,0,0
2016-02-30,FRUIT BARS,Apple Cin,0,0,0,0,0,0,0
2016-02-30,MUFFINS,Blue Stru,0,0,0,0,0,0,0
2016-02-30,MUFFINS,Red Velvet,0,0,0,0,0,0,0
2016-02-30,MUFFINS,Choc Carm,0,0,0,0,0,0,0
2016-02-30,COOKIES/BARS,Oatmeal CC,16,0,16,16,0,0,0
2016-02-30,COOKIES/BARS,Peanut Butt,10,0,10,10,0,0,0
2016-02-30,COOKIES/BARS,PB Choc,7,0,7,7,0,0,0
2016-02-30,COOKIES/BARS,Triple Choc,12,0,12,12,0,0,0
2016-02-30,COOKIES/BARS,SnickerDoodle,14,0,14,14,0,0,0
2016-02-30,COOKIES/BARS,frosted,5,0,5,5,0,0,0
2016-02-30,COOKIES/BARS,Totals,64,0,64,64,0,0,0
2016-02-31,BREAD,H,0,0,0,0,0,0,0
2016-02-31,BREAD,FR,0,0,0,0,0,0,0
2016-02-31,BREAD,GW,0,0,0,0,0,0,0
2016-02-31,BREAD,DK,0,0,0,0,0,0,0
2016-02-31,BREAD,H5,0,0,0,0,0,0,0
2016-02-31,BREAD,CSWRL,0,0,0,0,0,0,0
2016-02-31,BREAD,cb,0,0,0,0,0,0,0
2016-02-31,BREAD,bfb,0,0,0,0,0,0,0
2016-02-31,BREAD,Cne,0,0,0,0,0,0,0
2016-02-31,BREAD,CnR,0,0,0,0,0,0,0
2016-02-31,BREAD,CnW,0,0,0,0,0,0,0
2016-02-31,BREAD,cg,0,0,0,0,0,0,0
2016-02-31,BREAD,cg-jal,0,0,0,0,0,0,0
2016-02-31,BREAD,vs,0,0,0,0,0,0,0
2016-02-31,BREAD,IHF,0,0,0,0,0,0,0
2016-02-31,BREAD,car,0,0,0,0,0,0,0
2016-02-31,BREAD,gluten-X,0,0,0,0,0,0,0
2016-02-31,BREAD,Glut-X Cin,0,0,0,0,0,0,0
2016-02-31,BREAD,H-RLS,0,0,0,0,0,0,0
2016-02-31,BREAD,FR-RLS,0,0,0,0,0,0,0
2016-02-31,BREAD,VS-RLS,0,0,0,0,0,0,0
2016-02-31,BREAD,Blue Stru,0,0,0,0,0,0,0
2016-02-31,BREAD,Red Velvet,0,0,0,0,0,0,0
2016-02-31,BREAD,Choc Carm,0,0,0,0,0,0,0
2016-02-31,ROLLS,Cinnamon,0,0,0,0,0,0,0
2016-02-31,ROLLS,Mini C-Roll,0,0,0,0,0,0,0
2016-02-31,SCONES,Cherry,0,0,0,0,0,0,0
2016-02-31,SCONES,Blueberry,0,0,0,0,0,0,0
2016-02-31,SCONES,Butt Almd,0,0,0,0,0,0,0
2016-02-31,SCONES,Choc Chip,0,0,0,0,0,0,0
2016-02-31,SCONES,Cin Chip,0,0,0,0,0,0,0
2016-02-31,FRUIT BARS,Blueberry,0,0,0,0,0,0,0
2016-02-31,FRUIT BARS,Cherry,0,0,0,0,0,0,0
2016-02-31,FRUIT BARS,Cherry-White,0,0,0,0,0,0,0
2016-02-31,FRUIT BARS,Apple Cin,0,0,0,0,0,0,0
2016-02-31,MUFFINS,Blue Stru,0,0,0,0,0,0,0
2016-02-31,MUFFINS,Red Velvet,0,0,0,0,0,0,0
2016-02-31,MUFFINS,Choc Carm,0,0,0,0,0,0,0
2016-02-31,COOKIES/BARS,Oatmeal CC,0,0,0,0,0,0,0
2016-02-31,COOKIES/BARS,Peanut Butt,0,0,0,0,0,0,0
2016-02-31,COOKIES/BARS,PB Choc,0,0,0,0,0,0,0
2016-02-31,COOKIES/BARS,Triple Choc,0,0,0,0,0,0,0
2016-02-31,COOKIES/BARS,SnickerDoodle,0,0,0,0,0,0,0
2016-02-31,COOKIES/BARS,frosted,0,0,0,0,0,0,0
2016-02-31,COOKIES/BARS,Totals,0,0,0,0,0,0,0
