Date,Category,Product,START_OF_DAY_WHOLE,MADE_TODAY_WHOLE,AVAILABLE_TO_SELL_WHOLE,OUT_THE_DOOR_WHOLE,ORDERS_TODAY_WHOLE,REMOVED_AS_DAY_OLD_WHOLE,LEFT_WHOLE,START_OF_DAY_HALF,MADE_TODAY_HALF,AVAILABLE_TO_SELL_HALF,OUT_THE_DOOR_HALF,ORDERS_TODAY_HALF,REMOVED_AS_DAY_OLD_HALF,LEFT_HALF
2024-07-01,BREAD,H,0,32,32,17,1,0,14,0,0,0,0,0,0,0
2024-07-01,BREAD,FR,0,47,47,7,27,0,13,0,0,0,0,0,0,0
2024-07-01,BREAD,GW,0,8,8,3,0,0,5,0,0,0,0,0,0,0
2024-07-01,BREAD,DK,0,21,21,9,0,0,12,0,0,0,0,0,0,0
2024-07-01,BREAD,H5,0,0,0,0,0,0,0,0,0,0,0,0,0,0
2024-07-01,BREAD,CSWRL,0,21,21,19,0,0,2,0,6,6,2,0,0,4
2024-07-01,BREAD,CnE,0,9,9,6,0,0,3,0,2,2,2,0,0,0
2024-07-01,BREAD,CnR,0,3,3,3,0,0,0,0,0,0,0,0,0,0
2024-07-01,BREAD,RW,0,3,3,0,0,0,3,0,0,0,0,0,0,0
2024-07-01,BREAD,Monkey,0,3,3,3,0,0,0,0,0,0,0,0,0,0
2024-07-01,BREAD,RWB,0,0,0,0,0,0,0,0,0,0,0,0,0,0
2024-07-01,BREAD,CG,0,6,6,3,0,0,3,0,3,3,0,0,0,3
2024-07-01,BREAD,Pest,0,3,3,2,0,0,1,0,0,0,0,0,0,0
2024-07-01,BREAD,jal,0,3,3,1,0,0,2,0,0,0,0,0,0,0
2024-07-01,BREAD,Cheetah,0,3,3,1,0,0,2,0,0,0,0,0,0,0
2024-07-01,BREAD,VS,0,0,0,0,0,0,0,0,0,0,0,0,0,0
2024-07-01,BREAD,sour-TL,0,25,25,9,7,0,9,0,0,0,0,0,0,0
2024-07-01,BREAD,OB,0,3,3,1,0,0,2,0,0,0,0,0,0,0
2024-07-01,BREAD,Pepp Roll,0,4,4,4,0,0,0,0,0,0,0,0,0,0
2024-07-01,BREAD,VS Pep Rl,0,0,0,0,0,0,0,0,0,0,0,0,0,0
2024-07-01,BREAD,CAR,7,0,7,0,0,0,7,0,0,0,0,0,0,0
2024-07-01,BREAD,IHF,6,22,28,5,0,0,23,0,0,0,0,0,0,0
2024-07-01,BREAD,H-RLS,0,3,3,0,0,0,3,0,0,0,0,0,0,0
2024-07-01,BREAD,FR-RLS,0,2,2,1,0,0,1,0,0,0,0,0,0,0
2024-07-01,BREAD,VS-RLS,0,0,0,0,0,0,0,0,0,0,0,0,0,0
2024-07-01,BREAD,TEA CAKES,0,0,0,0,0,0,0,0,0,0,0,0,0,0
2024-07-01,BREAD,Blue Stru,0,5,5,4,1,0,0,0,0,0,0,0,0,0
2024-07-01,BREAD,Choc Carm,0,3,3,3,0,0,0,0,0,0,0,0,0,0
2024-07-01,BREAD,Lemon Popp,0,4,4,2,0,0,2,0,0,0,0,0,0,0
2024-07-01,ROLLS,C-Rolls,0,24,24,24,0,0,0,0,0,0,0,0,0,0
2024-07-01,ROLLS,12 mini C-R,0,0,0,0,0,0,0,0,0,0,0,0,0,0
2024-07-01,ROLLS,24 mini C-R,0,0,0,0,0,0,0,0,0,0,0,0,0,0
2024-07-01,SCONES,Blueberry,0,0,0,0,0,0,0,0,0,0,0,0,0,0
2024-07-01,SCONES,RWB,0,11,11,11,0,0,0,0,0,0,0,0,0,0
2024-07-01,SCONES,Cherry,0,0,0,0,0,0,0,0,0,0,0,0,0,0
2024-07-01,SCONES,Butt Almond,0,0,0,0,0,0,0,0,0,0,0,0,0,0
2024-07-01,SCONES,Turtle,0,0,0,0,0,0,0,0,0,0,0,0,0,0
2024-07-01,SCONES,Cin Chip,0,10,10,7,0,3,0,0,0,0,0,0,0,0
2024-07-01,SCONES,FRUIT BAR,0,0,0,0,0,0,0,0,0,0,0,0,0,0
2024-07-01,SCONES,Triple berry,0,5,5,5,0,0,0,0,0,0,0,0,0,0
2024-07-01,SCONES,cherry,0,5,5,5,0,0,0,0,0,0,0,0,0,0
2024-07-01,SCONES,apple cin,0,0,0,0,0,0,0,0,0,0,0,0,0,0
2024-07-01,SCONES,Straw Rhub,0,0,0,0,0,0,0,0,0,0,0,0,0,0
2024-07-01,MUFFINS,Blue Stru,0,4,4,4,0,0,0,0,0,0,0,0,0,0
2024-07-01,MUFFINS,Choc Carm,0,2,2,2,0,0,0,0,0,0,0,0,0,0
2024-07-01,MUFFINS,Lemon Popp,0,3,3,3,0,0,0,0,0,0,0,0,0,0
2024-07-01,COOKIES/BARS,oat cc,0,36,36,9,3,0,24,0,0,0,0,0,0,0
2024-07-01,COOKIES/BARS,triple cc,0,36,36,15,3,0,18,0,0,0,0,0,0,0
2024-07-01,COOKIES/BARS,Snicker,0,36,36,13,3,0,20,0,0,0,0,0,0,0
2024-07-01,COOKIES/BARS,RWB,0,18,18,5,0,0,13,0,0,0,0,0,0,0
2024-07-01,COOKIES/BARS,Frosted,6,6,12,2,0,4,6,0,0,0,0,0,0,0
2024-07-01,COOKIES/BARS,Brownie,14,0,14,3,0,0,11,0,0,0,0,0,0,0
2024-07-01,COOKIES/BARS,Lemon Bars,0,15,15,-3,0,0,18,0,0,0,0,0,0,0
2024-07-01,COOKIES/BARS,Totals,0,211,231,105,9,7,110,0,0,0,0,0,0,0
2024-07-02,BREAD,H,14,19,33,14,0,0,19,0,0,0,0,0,0,0
2024-07-02,BREAD,FR,13,18,31,14,0,0,17,0,0,0,0,0,0,0
2024-07-02,BREAD,GW,5,3,8,3,0,2,3,0,0,0,0,0,0,0
2024-07-02,BREAD,DK,12,0,12,5,0,0,7,0,0,0,0,0,0,0
2024-07-02,BREAD,H5,0,16,16,0,0,0,16,0,0,0,0,0,0,0
2024-07-02,BREAD,CSWRL,2,16,18,17,0,0,1,4,0,4,3,0,0,0
2024-07-02,BREAD,CnE,3,8,11,6,0,0,5,0,6,6,2,0,0,4
2024-07-02,BREAD,CnR,0,7,7,2,0,0,5,0,0,0,0,0,0,0
2024-07-02,BREAD,RW,3,3,6,0,0,3,3,0,0,0,0,0,0,0
2024-07-02,BREAD,Monkey,0,6,6,6,0,0,0,0,0,0,0,0,0,0
2024-07-02,BREAD,RWB,0,7,7,6,1,0,0,0,5,5,2,0,0,3
2024-07-02,BREAD,CG,3,0,3,2,0,1,0,3,0,3,3,0,0,0
2024-07-02,BREAD,Pest,1,0,1,1,0,0,0,0,0,0,0,0,0,0
2024-07-02,BREAD,jal,2,0,2,2,0,0,0,0,0,0,0,0,0,0
2024-07-02,BREAD,Cheetah,2,0,2,2,0,0,0,0,0,0,0,0,0,0
2024-07-02,BREAD,VS,0,10,10,0,2,0,8,0,3,3,1,0,0,2
2024-07-02,BREAD,sour-TL,9,0,9,7,0,0,2,0,0,0,0,0,0,0
2024-07-02,BREAD,OB,2,0,2,0,0,0,2,0,0,0,0,0,0,0
2024-07-02,BREAD,Pepp Roll,0,5,5,0,0,0,5,0,0,0,0,0,0,0
2024-07-02,BREAD,VS Pep Rl,0,8,8,1,0,0,7,0,0,0,0,0,0,0
2024-07-02,BREAD,CAR,7,0,7,1,0,0,6,0,0,0,0,0,0,0
2024-07-02,BREAD,IHF,23,0,23,1,0,0,22,0,0,0,0,0,0,0
2024-07-02,BREAD,H-RLS,3,0,3,1,0,2,0,0,0,0,0,0,0,0
2024-07-02,BREAD,FR-RLS,1,2,3,1,0,0,2,0,0,0,0,0,0,0
2024-07-02,BREAD,VS-RLS,0,6,6,2,0,0,4,0,0,0,0,0,0,0
2024-07-02,BREAD,TEA CAKES,0,0,0,0,0,0,0,0,0,0,0,0,0,0
2024-07-02,BREAD,Blue Stru,0,5,5,5,0,0,0,0,0,0,0,0,0,0
2024-07-02,BREAD,Choc Carm,0,3,3,3,0,0,0,0,0,0,0,0,0,0
2024-07-02,BREAD,Lemon Popp,2,1,3,2,0,0,1,0,0,0,0,0,0,0
2024-07-02,ROLLS,C-Rolls,0,24,24,24,0,0,0,0,0,0,0,0,0,0
2024-07-02,ROLLS,12 mini C-R,0,0,0,0,0,0,0,0,0,0,0,0,0,0
2024-07-02,ROLLS,24 mini C-R,0,0,0,0,0,0,0,0,0,0,0,0,0,0
2024-07-02,SCONES,Blueberry,0,11,11,11,0,0,0,0,0,0,0,0,0,0
2024-07-02,SCONES,RWB,0,0,0,0,0,0,0,0,0,0,0,0,0,0
2024-07-02,SCONES,Cherry,0,0,0,0,0,0,0,0,0,0,0,0,0,0
2024-07-02,SCONES,Butt Almond,0,0,0,0,0,0,0,0,0,0,0,0,0,0
2024-07-02,SCONES,Turtle,0,0,0,0,0,0,0,0,0,0,0,0,0,0
2024-07-02,SCONES,Cin Chip,0,11,11,11,0,0,0,0,0,0,0,0,0,0
2024-07-02,SCONES,FRUIT BAR,0,0,0,0,0,0,0,0,0,0,0,0,0,0
2024-07-02,SCONES,Triple berry,0,0,0,0,0,0,0,0,0,0,0,0,0,0
2024-07-02,SCONES,cherry,0,0,0,0,0,0,0,0,0,0,0,0,0,0
2024-07-02,SCONES,apple cin,0,5,5,3,0,2,0,0,0,0,0,0,0,0
2024-07-02,SCONES,Straw Rhub,0,5,5,3,0,2,0,0,0,0,0,0,0,0
2024-07-02,MUFFINS,Blue Stru,0,4,4,4,0,0,0,0,0,0,0,0,0,0
2024-07-02,MUFFINS,Choc Carm,0,3,3,3,0,0,0,0,0,0,0,0,0,0
2024-07-02,MUFFINS,Lemon Popp,0,4,4,4,0,0,0,0,0,0,0,0,0,0
2024-07-02,COOKIES/BARS,oat cc,24,6,30,12,0,12,6,0,0,0,0,0,0,0
2024-07-02,COOKIES/BARS,triple cc,18,12,30,12,0,6,12,0,0,0,0,0,0,0
2024-07-02,COOKIES/BARS,Snicker,20,12,32,9,0,11,12,0,0,0,0,0,0,0
2024-07-02,COOKIES/BARS,RWB,13,6,19,8,0,5,6,0,0,0,0,0,0,0
2024-07-02,COOKIES/BARS,Frosted,6,24,30,8,0,0,22,0,0,0,0,0,0,0
2024-07-02,COOKIES/BARS,Brownie,11,30,41,19,0,4,18,0,0,0,0,0,0,0
2024-07-02,COOKIES/BARS,Lemon Bars,18,15,33,4,0,4,25,0,0,0,0,0,0,0
2024-07-02,COOKIES/BARS,Totals,0,172,282,135,0,46,101,0,0,0,0,0,0,0
2024-07-03,BREAD,H,19,23,42,27,1,1,13,0,0,0,0,0,0,0
2024-07-03,BREAD,FR,17,18,35,19,5,0,11,0,0,0,0,0,0,0
2024-07-03,BREAD,GW,3,11,14,5,0,2,7,0,0,0,0,0,0,0
2024-07-03,BREAD,DK,7,15,22,16,0,0,6,0,0,0,0,0,0,0
2024-07-03,BREAD,H5,16,0,16,5,0,0,11,0,0,0,0,0,0,0
2024-07-03,BREAD,CSWRL,1,24,25,18,0,0,7,0,9,9,4,0,0,5
2024-07-03,BREAD,CnE,5,14,19,12,0,0,7,4,0,4,1,0,0,2
2024-07-03,BREAD,CnR,5,3,8,4,0,0,4,0,0,0,0,0,0,0
2024-07-03,BREAD,RW,3,3,6,2,0,0,4,0,0,0,0,0,0,0
2024-07-03,BREAD,Monkey,0,6,6,4,0,0,2,0,0,0,0,0,0,0
2024-07-03,BREAD,RWB,0,16,16,2,3,0,11,3,5,8,4,0,0,4
2024-07-03,BREAD,CG,0,14,14,2,0,0,12,0,5,5,5,0,0,0
2024-07-03,BREAD,Pest,0,8,8,5,0,0,3,0,0,0,0,0,0,0
2024-07-03,BREAD,jal,0,8,8,6,0,0,2,0,0,0,0,0,0,0
2024-07-03,BREAD,Cheetah,0,6,6,6,0,0,0,0,0,0,0,0,0,0
2024-07-03,BREAD,VS,8,0,8,1,0,3,4,2,0,2,1,0,0,1
2024-07-03,BREAD,sour-TL,2,31,33,21,0,0,12,0,0,0,0,0,0,0
2024-07-03,BREAD,OB,2,3,5,4,1,0,0,0,0,0,0,0,0,0
2024-07-03,BREAD,Pepp Roll,5,5,10,3,0,2,5,0,0,0,-1,0,0,0
2024-07-03,BREAD,VS Pep Rl,7,0,7,7,0,0,0,0,0,0,0,0,0,0
2024-07-03,BREAD,CAR,6,0,6,1,0,0,5,0,0,0,0,0,0,0
2024-07-03,BREAD,IHF,22,0,22,5,0,0,17,0,0,0,0,0,0,0
2024-07-03,BREAD,H-RLS,0,5,5,1,0,0,4,0,0,0,0,0,0,0
2024-07-03,BREAD,FR-RLS,2,3,5,4,0,0,1,0,0,0,0,0,0,0
2024-07-03,BREAD,VS-RLS,4,0,4,2,0,2,0,0,0,0,0,0,0,0
2024-07-03,BREAD,TEA CAKES,0,0,0,0,0,0,0,0,0,0,0,0,0,0
2024-07-03,BREAD,Blue Stru,0,15,15,14,0,1,0,0,0,0,0,0,0,0
2024-07-03,BREAD,Choc Carm,0,6,6,4,0,2,0,0,0,0,0,0,0,0
2024-07-03,BREAD,Lemon Popp,1,5,6,5,0,1,0,0,0,0,0,0,0,0
2024-07-03,ROLLS,C-Rolls,0,72,72,70,0,2,0,0,0,0,0,0,0,0
2024-07-03,ROLLS,12 mini C-R,0,0,0,0,0,0,0,0,0,0,0,0,0,0
2024-07-03,ROLLS,24 mini C-R,0,0,0,0,0,0,0,0,0,0,0,0,0,0
2024-07-03,SCONES,Blueberry,0,0,0,0,0,0,0,0,0,0,0,0,0,0
2024-07-03,SCONES,RWB,0,17,17,15,0,2,0,0,0,0,0,0,0,0
2024-07-03,SCONES,Cherry,0,0,0,0,0,0,0,0,0,0,0,0,0,0
2024-07-03,SCONES,Butt Almond,0,0,0,0,0,0,0,0,0,0,0,0,0,0
2024-07-03,SCONES,Turtle,0,16,16,16,0,0,0,0,0,0,0,0,0,0
2024-07-03,SCONES,Cin Chip,0,0,0,0,0,0,0,0,0,0,0,0,0,0
2024-07-03,SCONES,FRUIT BAR,0,0,0,0,0,0,0,0,0,0,0,0,0,0
2024-07-03,SCONES,Triple berry,0,5,5,5,0,0,0,0,0,0,0,0,0,0
2024-07-03,SCONES,cherry,0,5,5,5,0,0,0,0,0,0,0,0,0,0
2024-07-03,SCONES,apple cin,0,5,5,4,0,1,0,0,0,0,0,0,0,0
2024-07-03,SCONES,Straw Rhub,0,5,5,5,0,0,0,0,0,0,0,0,0,0
2024-07-03,MUFFINS,Blue Stru,0,7,7,6,0,1,0,0,0,0,0,0,0,0
2024-07-03,MUFFINS,Choc Carm,0,6,6,5,0,1,0,0,0,0,0,0,0,0
2024-07-03,MUFFINS,Lemon Popp,0,5,5,4,0,1,0,0,0,0,0,0,0,0
2024-07-03,COOKIES/BARS,oat cc,6,54,60,44,0,0,16,0,0,0,0,0,0,0
2024-07-03,COOKIES/BARS,triple cc,12,54,66,45,0,6,15,0,0,0,0,0,0,0
2024-07-03,COOKIES/BARS,Snicker,12,72,84,66,0,0,18,0,0,0,0,0,0,0
2024-07-03,COOKIES/BARS,RWB,6,24,30,3,0,12,15,0,0,0,0,0,0,0
2024-07-03,COOKIES/BARS,Frosted,22,12,34,18,0,4,12,0,0,0,0,0,0,0
2024-07-03,COOKIES/BARS,Brownie,18,30,48,43,0,4,1,0,0,0,0,0,0,0
2024-07-03,COOKIES/BARS,Lemon Bars,25,15,40,16,0,5,19,0,0,0,0,0,0,0
2024-07-03,COOKIES/BARS,Totals,0,404,505,369,0,40,96,0,0,0,0,0,0,0
2024-07-04,BREAD,H,13,0,13,0,0,0,13,0,0,0,0,0,0,0
2024-07-04,BREAD,FR,11,0,11,0,0,0,11,0,0,0,0,0,0,0
2024-07-04,BREAD,GW,7,0,7,0,0,0,7,0,0,0,0,0,0,0
2024-07-04,BREAD,DK,6,0,6,0,0,0,6,0,0,0,0,0,0,0
2024-07-04,BREAD,H5,11,0,11,0,0,0,11,0,0,0,0,0,0,0
2024-07-04,BREAD,CSWRL,7,0,7,0,0,0,7,5,0,5,0,0,0,5
2024-07-04,BREAD,CnE,7,0,7,0,0,0,7,2,0,2,0,0,0,2
2024-07-04,BREAD,CnR,4,0,4,0,0,0,4,0,0,0,0,0,0,0
2024-07-04,BREAD,RW,4,0,4,0,0,0,4,0,0,0,0,0,0,0
2024-07-04,BREAD,Monkey,2,0,2,0,0,0,2,0,0,0,0,0,0,0
2024-07-04,BREAD,RWB,11,0,11,0,0,0,11,4,0,4,0,0,0,4
2024-07-04,BREAD,CG,12,0,12,0,0,0,12,0,0,0,0,0,0,0
2024-07-04,BREAD,Pest,3,0,3,0,0,0,3,0,0,0,0,0,0,0
2024-07-04,BREAD,jal,2,0,2,0,0,0,2,0,0,0,0,0,0,0
2024-07-04,BREAD,Cheetah,0,0,0,0,0,0,0,0,0,0,0,0,0,0
2024-07-04,BREAD,VS,4,0,4,0,0,0,4,1,0,1,0,0,0,1
2024-07-04,BREAD,sour-TL,12,0,12,0,0,0,12,0,0,0,0,0,0,0
2024-07-04,BREAD,OB,0,0,0,0,0,0,0,0,0,0,0,0,0,0
2024-07-04,BREAD,Pepp Roll,5,0,5,0,0,0,5,0,0,0,0,0,0,0
2024-07-04,BREAD,VS Pep Rl,0,0,0,0,0,0,0,0,0,0,0,0,0,0
2024-07-04,BREAD,CAR,5,0,5,0,0,0,5,0,0,0,0,0,0,0
2024-07-04,BREAD,IHF,17,0,17,0,0,0,17,0,0,0,0,0,0,0
2024-07-04,BREAD,H-RLS,4,0,4,0,0,0,4,0,0,0,0,0,0,0
2024-07-04,BREAD,FR-RLS,1,0,1,0,0,0,1,0,0,0,0,0,0,0
2024-07-04,BREAD,VS-RLS,0,0,0,0,0,0,0,0,0,0,0,0,0,0
2024-07-04,BREAD,TEA CAKES,0,0,0,0,0,0,0,0,0,0,0,0,0,0
2024-07-04,BREAD,Blue Stru,0,0,0,0,0,0,0,0,0,0,0,0,0,0
2024-07-04,BREAD,Choc Carm,0,0,0,0,0,0,0,0,0,0,0,0,0,0
2024-07-04,BREAD,Lemon Popp,0,0,0,0,0,0,0,0,0,0,0,0,0,0
2024-07-04,ROLLS,C-Rolls,0,0,0,-2,0,2,0,0,0,0,0,0,0,0
2024-07-04,ROLLS,12 mini C-R,0,0,0,0,0,0,0,0,0,0,0,0,0,0
2024-07-04,ROLLS,24 mini C-R,0,0,0,0,0,0,0,0,0,0,0,0,0,0
2024-07-04,SCONES,Blueberry,0,0,0,0,0,0,0,0,0,0,0,0,0,0
2024-07-04,SCONES,Mixed Berry,0,0,0,0,0,0,0,0,0,0,0,0,0,0
2024-07-04,SCONES,Cherry,0,0,0,0,0,0,0,0,0,0,0,0,0,0
2024-07-04,SCONES,Butt Almond,0,0,0,0,0,0,0,0,0,0,0,0,0,0
2024-07-04,SCONES,Turtle,0,0,0,0,0,0,0,0,0,0,0,0,0,0
2024-07-04,SCONES,Cin Chip,0,0,0,0,0,0,0,0,0,0,0,0,0,0
2024-07-04,SCONES,RWB,0,0,0,-1,0,1,0,0,0,0,0,0,0,0
2024-07-04,SCONES,FRUIT BAR,0,0,0,0,0,0,0,0,0,0,0,0,0,0
2024-07-04,SCONES,Triple berry,0,0,0,0,0,0,0,0,0,0,0,0,0,0
2024-07-04,SCONES,cherry,0,0,0,0,0,0,0,0,0,0,0,0,0,0
2024-07-04,SCONES,apple cin,0,0,0,0,0,0,0,0,0,0,0,0,0,0
2024-07-04,SCONES,Straw Rhub,0,0,0,0,0,0,0,0,0,0,0,0,0,0
2024-07-04,MUFFINS,Blue Stru,0,0,0,0,0,0,0,0,0,0,0,0,0,0
2024-07-04,MUFFINS,Choc Carm,0,0,0,0,0,0,0,0,0,0,0,0,0,0
2024-07-04,MUFFINS,Lemon Popp,0,0,0,0,0,0,0,0,0,0,0,0,0,0
2024-07-04,COOKIES/BARS,oat cc,16,0,16,0,0,0,16,0,0,0,0,0,0,0
2024-07-04,COOKIES/BARS,triple cc,15,0,15,0,0,0,15,0,0,0,0,0,0,0
2024-07-04,COOKIES/BARS,Snicker,18,0,18,0,0,0,18,0,0,0,0,0,0,0
2024-07-04,COOKIES/BARS,RWB,15,0,15,0,0,0,15,0,0,0,0,0,0,0
2024-07-04,COOKIES/BARS,Frosted,12,0,12,0,0,0,12,0,0,0,0,0,0,0
2024-07-04,COOKIES/BARS,Brownie,1,0,1,0,0,0,1,0,0,0,0,0,0,0
2024-07-04,COOKIES/BARS,Lemon Bars,19,0,19,0,0,0,19,0,0,0,0,0,0,0
2024-07-04,COOKIES/BARS,Totals,96,0,96,-3,0,3,96,0,0,0,0,0,0,0
2024-07-05,BREAD,H,13,69,82,13,41,0,28,0,0,0,0,0,0,0
2024-07-05,BREAD,FR,11,67,78,31,32,0,15,0,0,0,0,0,0,0
2024-07-05,BREAD,GW,7,9,16,3,2,0,11,0,0,0,0,0,0,0
2024-07-05,BREAD,DK,6,20,26,19,0,0,7,0,0,0,0,0,0,0
2024-07-05,BREAD,H5,11,0,11,7,0,0,4,0,0,0,0,0,0,0
2024-07-05,BREAD,CSWRL,7,20,27,15,0,0,12,5,6,11,7,0,0,4
2024-07-05,BREAD,CnE,7,15,22,20,0,0,2,2,8,10,7,0,0,3
2024-07-05,BREAD,CnR,4,8,12,10,0,0,2,0,0,0,0,0,0,0
2024-07-05,BREAD,RW,4,8,12,10,0,0,2,0,0,0,0,0,0,0
2024-07-05,BREAD,Monkey,2,9,11,8,0,0,3,0,0,0,0,0,0,0
2024-07-05,BREAD,RWB,11,0,11,7,0,0,4,4,0,4,3,0,0,1
2024-07-05,BREAD,CG,12,11,23,9,0,10,4,0,7,7,4,0,0,3
2024-07-05,BREAD,Pest,3,12,15,10,0,2,3,0,0,0,0,0,0,0
2024-07-05,BREAD,jal,2,12,14,11,0,1,2,0,0,0,0,0,0,0
2024-07-05,BREAD,Cheetah,0,8,8,4,0,0,4,0,0,0,0,0,0,0
2024-07-05,BREAD,VS,4,13,17,13,1,0,3,1,7,8,4,0,0,4
2024-07-05,BREAD,sour-TL,12,27,39,25,5,0,9,0,0,0,0,0,0,0
2024-07-05,BREAD,OB,0,8,8,4,1,0,3,0,0,0,0,0,0,0
2024-07-05,BREAD,Pepp Roll,5,10,15,6,0,3,6,0,0,0,0,0,0,0
2024-07-05,BREAD,VS Pep Rl,0,11,11,8,0,0,3,0,0,0,0,0,0,0
2024-07-05,BREAD,CAR,5,0,5,2,0,0,3,0,0,0,0,0,0,0
2024-07-05,BREAD,IHF,17,0,17,2,0,0,15,0,0,0,0,0,0,0
2024-07-05,BREAD,H-RLS,4,5,9,4,0,3,2,0,0,0,0,0,0,0
2024-07-05,BREAD,FR-RLS,1,7,8,4,0,0,4,0,0,0,0,0,0,0
2024-07-05,BREAD,VS-RLS,0,7,7,5,0,0,2,0,0,0,0,0,0,0
2024-07-05,BREAD,TEA CAKES,0,0,0,0,0,0,0,0,0,0,0,0,0,0
2024-07-05,BREAD,Blue Stru,0,20,20,18,0,0,2,0,0,0,0,0,0,0
2024-07-05,BREAD,Choc Carm,0,8,8,5,0,0,3,0,0,0,0,0,0,0
2024-07-05,BREAD,Lemon Popp,0,11,11,6,0,0,5,0,0,0,0,0,0,0
2024-07-05,ROLLS,C-Rolls,0,36,36,32,0,4,0,0,0,0,0,0,0,0
2024-07-05,ROLLS,12 mini C-R,0,12,12,-12,0,0,24,0,0,0,0,0,0,0
2024-07-05,ROLLS,24 mini C-R,0,0,0,0,0,0,0,0,0,0,0,0,0,0
2024-07-05,SCONES,Blueberry,0,0,0,0,0,0,0,0,0,0,0,0,0,0
2024-07-05,SCONES,Straw Rhubarb,0,0,0,0,0,0,0,0,0,0,0,0,0,0
2024-07-05,SCONES,Cherry,0,11,11,11,0,0,0,0,0,0,0,0,0,0
2024-07-05,SCONES,Butt Almond,0,11,11,11,0,0,0,0,0,0,0,0,0,0
2024-07-05,SCONES,Turtle,0,0,0,0,0,0,0,0,0,0,0,0,0,0
2024-07-05,SCONES,Cin Chip,0,0,0,0,0,0,0,0,0,0,0,0,0,0
2024-07-05,SCONES,FRUIT BAR,0,0,0,0,0,0,0,0,0,0,0,0,0,0
2024-07-05,SCONES,Triple berry,0,10,10,8,0,2,0,0,0,0,0,0,0,0
2024-07-05,SCONES,cherry,0,10,10,10,0,0,0,0,0,0,0,0,0,0
2024-07-05,SCONES,apple cin,0,5,5,5,0,0,0,0,0,0,0,0,0,0
2024-07-05,SCONES,Straw Rhub,0,5,5,5,0,0,0,0,0,0,0,0,0,0
2024-07-05,MUFFINS,Blue Stru,0,5,5,5,0,0,0,0,0,0,0,0,0,0
2024-07-05,MUFFINS,Choc Carm,0,3,3,3,0,0,0,0,0,0,0,0,0,0
2024-07-05,MUFFINS,Lemon Popp,0,4,4,2,0,2,0,0,0,0,0,0,0,0
2024-07-05,COOKIES/BARS,oat cc,16,36,52,33,0,9,10,0,0,0,0,0,0,0
2024-07-05,COOKIES/BARS,triple cc,15,48,63,50,0,0,13,0,0,0,0,0,0,0
2024-07-05,COOKIES/BARS,Snicker,18,48,66,45,0,12,9,0,0,0,0,0,0,0
2024-07-05,COOKIES/BARS,RWB,15,12,27,20,0,7,0,0,0,0,0,0,0,0
2024-07-05,COOKIES/BARS,Frosted,12,12,24,16,0,3,5,0,0,0,0,0,0,0
2024-07-05,COOKIES/BARS,Brownie,1,45,46,21,12,5,8,0,0,0,0,0,0,0
2024-07-05,COOKIES/BARS,Lemon Bars,19,30,49,37,0,0,12,0,0,0,0,0,0,0
2024-07-05,COOKIES/BARS,Totals,0,343,439,302,12,44,81,0,0,0,0,0,0,0
2024-07-06,BREAD,H,28,0,28,2,0,26,0,0,0,0,0,0,0,0
2024-07-06,BREAD,FR,15,0,15,14,0,1,0,0,0,0,0,0,0,0
2024-07-06,BREAD,GW,11,1,12,12,0,0,0,0,0,0,0,0,0,0
2024-07-06,BREAD,DK,7,0,7,6,0,1,0,0,0,0,0,0,0,0
2024-07-06,BREAD,H5,4,0,4,4,0,0,0,0,0,0,0,0,0,0
2024-07-06,BREAD,CSWRL,12,5,17,13,0,4,0,4,0,4,4,0,0,0
2024-07-06,BREAD,CnE,2,0,2,2,0,0,0,3,0,3,1,0,0,0
2024-07-06,BREAD,CnR,2,0,2,1,0,1,0,0,0,0,0,0,0,0
2024-07-06,BREAD,RW,2,0,2,-1,0,3,0,0,0,0,0,0,0,0
2024-07-06,BREAD,Monkey,3,0,3,3,0,0,0,0,0,0,0,0,0,0
2024-07-06,BREAD,RWB,4,0,4,4,0,0,0,1,0,1,1,0,0,0
2024-07-06,BREAD,CG,4,0,4,3,0,1,0,3,0,3,1,0,0,0
2024-07-06,BREAD,Pest,3,0,3,0,0,3,0,0,0,0,0,0,0,0
2024-07-06,BREAD,jal,2,0,2,-1,0,3,0,0,0,0,0,0,0,0
2024-07-06,BREAD,Cheetah,4,0,4,0,0,4,0,0,0,0,0,0,0,0
2024-07-06,BREAD,VS,3,0,3,1,0,2,0,4,0,4,1,0,0,0
2024-07-06,BREAD,sour-TL,9,0,9,5,0,4,0,0,0,0,0,0,0,0
2024-07-06,BREAD,OB,3,0,3,0,0,3,0,0,0,0,0,0,0,0
2024-07-06,BREAD,Pepp Roll,6,0,6,3,0,3,0,0,0,0,0,0,0,0
2024-07-06,BREAD,VS Pep Rl,3,0,3,2,0,1,0,0,0,0,0,0,0,0
2024-07-06,BREAD,CAR,3,0,3,0,0,0,3,0,0,0,0,0,0,0
2024-07-06,BREAD,IHF,15,0,15,0,0,0,15,0,0,0,0,0,0,0
2024-07-06,BREAD,H-RLS,2,0,2,0,0,2,0,0,0,0,0,0,0,0
2024-07-06,BREAD,FR-RLS,4,0,4,0,0,4,0,0,0,0,0,0,0,0
2024-07-06,BREAD,VS-RLS,2,0,2,1,0,1,0,0,0,0,0,0,0,0
2024-07-06,BREAD,TEA CAKES,0,0,0,0,0,0,0,0,0,0,0,0,0,0
2024-07-06,BREAD,Blue Stru,2,2,4,4,0,0,0,0,0,0,0,0,0,0
2024-07-06,BREAD,Choc Carm,3,5,8,3,5,0,0,0,0,0,0,0,0,0
2024-07-06,BREAD,Lemon Popp,5,0,5,0,0,5,0,0,0,0,0,0,0,0
2024-07-06,ROLLS,C-Rolls,0,144,144,105,8,31,0,0,0,0,0,0,0,0
2024-07-06,ROLLS,12 mini C-R,24,0,0,-24,0,24,0,0,0,0,0,0,0,0
2024-07-06,ROLLS,24 mini C-R,0,0,0,0,0,0,0,0,0,0,0,0,0,0
2024-07-06,SCONES,Blueberry,0,31,31,30,0,1,0,0,0,0,0,0,0,0
2024-07-06,SCONES,Straw Rhubarb,0,0,0,0,0,0,0,0,0,0,0,0,0,0
2024-07-06,SCONES,Cherry,0,0,0,0,0,0,0,0,0,0,0,0,0,0
2024-07-06,SCONES,Butt Almond,0,24,24,24,0,0,0,0,0,0,0,0,0,0
2024-07-06,SCONES,Turtle,0,0,0,0,0,0,0,0,0,0,0,0,0,0
2024-07-06,SCONES,Cin Chip,0,0,0,0,0,0,0,0,0,0,0,0,0,0
2024-07-06,SCONES,FRUIT BAR,0,0,0,0,0,0,0,0,0,0,0,0,0,0
2024-07-06,SCONES,Triple berry,0,5,5,0,0,5,0,0,0,0,0,0,0,0
2024-07-06,SCONES,cherry,0,5,5,0,0,5,0,0,0,0,0,0,0,0
2024-07-06,SCONES,apple cin,0,5,5,4,0,1,0,0,0,0,0,0,0,0
2024-07-06,SCONES,Straw Rhub,0,5,5,1,0,4,0,0,0,0,0,0,0,0
2024-07-06,MUFFINS,Blue Stru,0,13,13,8,0,5,0,0,0,0,0,0,0,0
2024-07-06,MUFFINS,Choc Carm,0,7,7,7,0,0,0,0,0,0,0,0,0,0
2024-07-06,MUFFINS,Lemon Popp,0,8,8,3,0,5,0,0,0,0,0,0,0,0
2024-07-06,COOKIES/BARS,oat cc,10,12,22,4,0,18,0,0,0,0,0,0,0,0
2024-07-06,COOKIES/BARS,triple cc,13,6,19,12,0,7,0,0,0,0,0,0,0,0
2024-07-06,COOKIES/BARS,Snicker,9,12,21,2,0,19,0,0,0,0,0,0,0,0
2024-07-06,COOKIES/BARS,RWB,0,12,12,12,0,0,0,0,0,0,0,0,0,0
2024-07-06,COOKIES/BARS,Frosted,5,6,11,4,0,1,6,0,0,0,0,0,0,0
2024-07-06,COOKIES/BARS,Brownie,8,15,23,11,0,6,6,0,0,0,0,0,0,0
2024-07-06,COOKIES/BARS,Lemon Bars,12,15,27,0,0,6,21,0,0,0,0,0,0,0
2024-07-06,COOKIES/BARS,Totals,0,325,382,189,8,152,33,0,0,0,0,0,0,0
2024-07-07,BREAD,H,0,0,0,0,0,0,0,0,0,0,0,0,0,0
2024-07-07,BREAD,FR,0,0,0,0,0,0,0,0,0,0,0,0,0,0
2024-07-07,BREAD,GW,0,0,0,0,0,0,0,0,0,0,0,0,0,0
2024-07-07,BREAD,DK,0,0,0,0,0,0,0,0,0,0,0,0,0,0
2024-07-07,BREAD,H5,0,0,0,0,0,0,0,0,0,0,0,0,0,0
2024-07-07,BREAD,CSWRL,0,0,0,0,0,0,0,0,0,0,0,0,0,0
2024-07-07,BREAD,CnE,0,0,0,0,0,0,0,0,0,0,0,0,0,0
2024-07-07,BREAD,CnR,0,0,0,0,0,0,0,0,0,0,0,0,0,0
2024-07-07,BREAD,RW,0,0,0,0,0,0,0,0,0,0,0,0,0,0
2024-07-07,BREAD,Monkey,0,0,0,0,0,0,0,0,0,0,0,0,0,0
2024-07-07,BREAD,RWB,0,0,0,0,0,0,0,0,0,0,0,0,0,0
2024-07-07,BREAD,CG,0,0,0,0,0,0,0,0,0,0,0,0,0,0
2024-07-07,BREAD,Pest,0,0,0,0,0,0,0,0,0,0,0,0,0,0
2024-07-07,BREAD,jal,0,0,0,0,0,0,0,0,0,0,0,0,0,0
2024-07-07,BREAD,Cheetah,0,0,0,0,0,0,0,0,0,0,0,0,0,0
2024-07-07,BREAD,VS,0,0,0,0,0,0,0,0,0,0,0,0,0,0
2024-07-07,BREAD,sour-TL,0,0,0,0,0,0,0,0,0,0,0,0,0,0
2024-07-07,BREAD,OB,0,0,0,0,0,0,0,0,0,0,0,0,0,0
2024-07-07,BREAD,Pepp Roll,0,0,0,0,0,0,0,0,0,0,0,0,0,0
2024-07-07,BREAD,VS Pep Rl,0,0,0,0,0,0,0,0,0,0,0,0,0,0
2024-07-07,BREAD,CAR,3,0,3,0,0,0,3,0,0,0,0,0,0,0
2024-07-07,BREAD,IHF,15,0,15,0,0,0,15,0,0,0,0,0,0,0
2024-07-07,BREAD,H-RLS,0,0,0,0,0,0,0,0,0,0,0,0,0,0
2024-07-07,BREAD,FR-RLS,0,0,0,0,0,0,0,0,0,0,0,0,0,0
2024-07-07,BREAD,VS-RLS,0,0,0,0,0,0,0,0,0,0,0,0,0,0
2024-07-07,BREAD,TEA CAKES,0,0,0,0,0,0,0,0,0,0,0,0,0,0
2024-07-07,BREAD,Blue Stru,0,0,0,0,0,0,0,0,0,0,0,0,0,0
2024-07-07,BREAD,Choc Carm,0,0,0,0,0,0,0,0,0,0,0,0,0,0
2024-07-07,BREAD,Lemon Popp,0,0,0,0,0,0,0,0,0,0,0,0,0,0
2024-07-07,ROLLS,C-Rolls,0,0,0,0,0,0,0,0,0,0,0,0,0,0
2024-07-07,ROLLS,12 mini C-R,0,0,0,0,0,0,0,0,0,0,0,0,0,0
2024-07-07,ROLLS,24 mini C-R,0,0,0,0,0,0,0,0,0,0,0,0,0,0
2024-07-07,SCONES,Blueberry,0,0,0,0,0,0,0,0,0,0,0,0,0,0
2024-07-07,SCONES,Straw Rhubarb,0,0,0,0,0,0,0,0,0,0,0,0,0,0
2024-07-07,SCONES,Cherry,0,0,0,0,0,0,0,0,0,0,0,0,0,0
2024-07-07,SCONES,Butt Almond,0,0,0,0,0,0,0,0,0,0,0,0,0,0
2024-07-07,SCONES,Turtle,0,0,0,0,0,0,0,0,0,0,0,0,0,0
2024-07-07,SCONES,Cin Chip,0,0,0,0,0,0,0,0,0,0,0,0,0,0
2024-07-07,SCONES,FRUIT BAR,0,0,0,0,0,0,0,0,0,0,0,0,0,0
2024-07-07,SCONES,Triple berry,0,0,0,0,0,0,0,0,0,0,0,0,0,0
2024-07-07,SCONES,cherry,0,0,0,0,0,0,0,0,0,0,0,0,0,0
2024-07-07,SCONES,apple cin,0,0,0,0,0,0,0,0,0,0,0,0,0,0
2024-07-07,SCONES,Straw Rhub,0,0,0,0,0,0,0,0,0,0,0,0,0,0
2024-07-07,MUFFINS,Blue Stru,0,0,0,0,0,0,0,0,0,0,0,0,0,0
2024-07-07,MUFFINS,Choc Carm,0,0,0,0,0,0,0,0,0,0,0,0,0,0
2024-07-07,MUFFINS,Lemon Popp,0,0,0,0,0,0,0,0,0,0,0,0,0,0
2024-07-07,COOKIES/BARS,oat cc,0,0,0,0,0,0,0,0,0,0,0,0,0,0
2024-07-07,COOKIES/BARS,triple cc,0,0,0,0,0,0,0,0,0,0,0,0,0,0
2024-07-07,COOKIES/BARS,Snicker,0,0,0,0,0,0,0,0,0,0,0,0,0,0
2024-07-07,COOKIES/BARS,RWB,0,0,0,0,0,0,0,0,0,0,0,0,0,0
2024-07-07,COOKIES/BARS,Frosted,6,0,6,0,0,0,6,0,0,0,0,0,0,0
2024-07-07,COOKIES/BARS,Brownie,6,0,6,0,0,0,6,0,0,0,0,0,0,0
2024-07-07,COOKIES/BARS,Lemon Bars,21,0,21,0,0,0,21,0,0,0,0,0,0,0
2024-07-07,COOKIES/BARS,Totals,33,0,33,0,0,0,33,0,0,0,0,0,0,0
2024-07-08,BREAD,H,0,24,24,11,0,0,13,0,0,0,0,0,0,0
2024-07-08,BREAD,FR,0,29,29,3,15,0,11,0,0,0,0,0,0,0
2024-07-08,BREAD,GW,0,5,5,1,0,0,4,0,0,0,0,0,0,0
2024-07-08,BREAD,DK,0,19,19,7,0,0,12,0,0,0,0,0,0,0
2024-07-08,BREAD,H5,0,0,0,0,0,0,0,0,0,0,0,0,0,0
2024-07-08,BREAD,CSWRL,0,21,21,15,0,0,6,0,6,6,2,0,0,4
2024-07-08,BREAD,CnE,0,7,7,7,0,0,0,0,2,2,1,0,0,1
2024-07-08,BREAD,CnR,0,3,3,1,0,0,2,0,0,0,0,0,0,0
2024-07-08,BREAD,RW,0,3,3,2,0,0,1,0,0,0,0,0,0,0
2024-07-08,BREAD,Monkey,0,3,3,0,0,0,3,0,0,0,0,0,0,0
2024-07-08,BREAD,RWB,0,0,0,0,0,0,0,0,0,0,0,0,0,0
2024-07-08,BREAD,CG,0,5,5,1,0,0,4,0,2,2,2,0,0,0
2024-07-08,BREAD,Pest,0,3,3,3,0,0,0,0,0,0,0,0,0,0
2024-07-08,BREAD,jal,0,3,3,3,0,0,0,0,0,0,0,0,0,0
2024-07-08,BREAD,Cheetah,0,3,3,2,0,0,1,0,0,0,0,0,0,0
2024-07-08,BREAD,VS,0,0,0,0,0,0,0,0,0,0,0,0,0,0
2024-07-08,BREAD,sour-TL,0,22,22,4,7,0,11,0,0,0,0,0,0,0
2024-07-08,BREAD,OB,0,3,3,2,0,0,1,0,0,0,0,0,0,0
2024-07-08,BREAD,Pepp Roll,0,6,6,6,0,0,0,0,0,0,0,0,0,0
2024-07-08,BREAD,VS Pep Rl,0,0,0,0,0,0,0,0,0,0,0,0,0,0
2024-07-08,BREAD,CAR,3,15,18,0,0,0,18,0,0,0,0,0,0,0
2024-07-08,BREAD,IHF,15,0,15,1,0,0,14,0,0,0,0,0,0,0
2024-07-08,BREAD,H-RLS,0,3,3,0,0,0,3,0,0,0,0,0,0,0
2024-07-08,BREAD,FR-RLS,0,2,2,0,0,0,2,0,0,0,0,0,0,0
2024-07-08,BREAD,VS-RLS,0,0,0,0,0,0,0,0,0,0,0,0,0,0
2024-07-08,BREAD,TEA CAKES,0,0,0,0,0,0,0,0,0,0,0,0,0,0
2024-07-08,BREAD,Blue Stru,0,6,6,4,2,0,0,0,0,0,0,0,0,0
2024-07-08,BREAD,Choc Carm,0,3,3,0,0,0,3,0,0,0,0,0,0,0
2024-07-08,BREAD,Lemon Popp,0,3,3,0,0,0,3,0,0,0,0,0,0,0
2024-07-08,ROLLS,C-Rolls,0,24,24,16,0,8,0,0,0,0,0,0,0,0
2024-07-08,ROLLS,12 mini C-R,0,0,0,0,0,0,0,0,0,0,0,0,0,0
2024-07-08,ROLLS,24 mini C-R,0,0,0,0,0,0,0,0,0,0,0,0,0,0
2024-07-08,SCONES,Blueberry,0,0,0,0,0,0,0,0,0,0,0,0,0,0
2024-07-08,SCONES,Straw Rhubarb,0,11,11,6,0,5,0,0,0,0,0,0,0,0
2024-07-08,SCONES,Cherry,0,0,0,0,0,0,0,0,0,0,0,0,0,0
2024-07-08,SCONES,Butt Almond,0,0,0,0,0,0,0,0,0,0,0,0,0,0
2024-07-08,SCONES,Turtle,0,0,0,0,0,0,0,0,0,0,0,0,0,0
2024-07-08,SCONES,Cin Chip,0,11,11,4,0,7,0,0,0,0,0,0,0,0
2024-07-08,SCONES,FRUIT BAR,0,0,0,0,0,0,0,0,0,0,0,0,0,0
2024-07-08,SCONES,Triple berry,2,5,5,0,2,3,0,0,0,0,0,0,0,0
2024-07-08,SCONES,cherry,4,5,5,3,2,0,0,0,0,0,0,0,0,0
2024-07-08,SCONES,apple cin,5,0,0,0,0,0,0,0,0,0,0,0,0,0
2024-07-08,SCONES,Straw Rhub,4,0,0,0,0,0,0,0,0,0,0,0,0,0
2024-07-08,MUFFINS,Blue Stru,0,4,4,0,0,4,0,0,0,0,0,0,0,0
2024-07-08,MUFFINS,Choc Carm,0,2,2,2,0,0,0,0,0,0,0,0,0,0
2024-07-08,MUFFINS,Lemon Popp,0,3,3,2,0,1,0,0,0,0,0,0,0,0
2024-07-08,COOKIES/BARS,oat cc,0,24,24,8,6,0,10,0,6,6,0,0,0,0
2024-07-08,COOKIES/BARS,triple cc,0,24,24,14,6,0,4,0,6,6,0,0,0,0
2024-07-08,COOKIES/BARS,Snicker,0,24,24,17,7,0,0,0,8,8,0,0,0,0
2024-07-08,COOKIES/BARS,RWB,0,12,12,5,0,0,7,0,0,0,0,0,0,0
2024-07-08,COOKIES/BARS,Frosted,6,6,12,4,0,2,6,0,0,0,0,0,0,0
2024-07-08,COOKIES/BARS,Brownie,6,15,21,1,5,0,15,0,0,0,0,0,0,0
2024-07-08,COOKIES/BARS,Lemon Bars,21,0,21,8,5,0,8,0,0,0,0,0,0,0
2024-07-08,COOKIES/BARS,Totals,0,170,203,90,33,30,50,0,20,20,0,0,0,0
2024-07-09,BREAD,H,13,18,31,8,0,0,23,0,0,0,0,0,0,0
2024-07-09,BREAD,FR,11,17,28,13,0,0,15,0,0,0,0,0,0,0
2024-07-09,BREAD,GW,4,3,7,1,0,3,3,0,0,0,0,0,0,0
2024-07-09,BREAD,DK,12,0,12,12,0,0,0,0,0,0,0,0,0,0
2024-07-09,BREAD,H5,0,12,12,0,0,0,12,0,0,0,0,0,0,0
2024-07-09,BREAD,CSWRL,6,13,19,14,0,0,5,4,0,4,4,0,0,0
2024-07-09,BREAD,CnE,0,14,14,11,0,0,3,1,5,6,3,0,0,3
2024-07-09,BREAD,CnR,2,6,8,3,0,0,5,0,0,0,0,0,0,0
2024-07-09,BREAD,RW,1,6,7,2,0,0,5,0,0,0,0,0,0,0
2024-07-09,BREAD,Monkey,3,4,7,2,0,1,4,0,0,0,0,0,0,0
2024-07-09,BREAD,RWB,0,7,7,2,1,0,4,0,4,4,0,0,0,4
2024-07-09,BREAD,CG,4,0,4,0,0,4,0,0,0,0,0,0,0,0
2024-07-09,BREAD,Pest,0,0,0,0,0,0,0,0,0,0,0,0,0,0
2024-07-09,BREAD,jal,0,0,0,0,0,0,0,0,0,0,0,0,0,0
2024-07-09,BREAD,Cheetah,1,0,1,1,0,0,0,0,0,0,0,0,0,0
2024-07-09,BREAD,VS,0,13,13,3,0,0,10,0,3,3,2,0,0,1
2024-07-09,BREAD,sour-TL,11,12,23,6,0,0,17,0,0,0,0,0,0,0
2024-07-09,BREAD,OB,1,3,4,1,0,0,3,0,0,0,0,0,0,0
2024-07-09,BREAD,Pepp Roll,0,6,6,1,0,0,5,0,0,0,0,0,0,0
2024-07-09,BREAD,VS Pep Rl,0,9,9,3,0,0,6,0,0,0,0,0,0,0
2024-07-09,BREAD,CAR,18,0,18,1,0,0,17,0,0,0,0,0,0,0
2024-07-09,BREAD,IHF,14,0,14,1,0,0,13,0,0,0,0,0,0,0
2024-07-09,BREAD,H-RLS,3,0,3,0,0,3,0,0,0,0,0,0,0,0
2024-07-09,BREAD,FR-RLS,2,0,2,1,0,1,0,0,0,0,0,0,0,0
2024-07-09,BREAD,VS-RLS,0,6,6,0,0,0,6,0,0,0,0,0,0,0
2024-07-09,BREAD,TEA CAKES,0,0,0,0,0,0,0,0,0,0,0,0,0,0
2024-07-09,BREAD,Blue Stru,0,5,5,5,0,0,0,0,0,0,0,0,0,0
2024-07-09,BREAD,Choc Carm,3,0,3,1,0,2,0,0,0,0,0,0,0,0
2024-07-09,BREAD,Lemon Popp,3,0,3,1,0,2,0,0,0,0,0,0,0,0
2024-07-09,ROLLS,C-Rolls,0,24,24,24,0,0,0,0,0,0,0,0,0,0
2024-07-09,ROLLS,12 mini C-R,0,0,0,0,0,0,0,0,0,0,0,0,0,0
2024-07-09,ROLLS,24 mini C-R,0,0,0,0,0,0,0,0,0,0,0,0,0,0
2024-07-09,SCONES,Blueberry,0,11,11,11,0,0,0,0,0,0,0,0,0,0
2024-07-09,SCONES,Straw Rhubarb,0,0,0,0,0,0,0,0,0,0,0,0,0,0
2024-07-09,SCONES,Cherry,0,0,0,0,0,0,0,0,0,0,0,0,0,0
2024-07-09,SCONES,Butt Almond,0,0,0,0,0,0,0,0,0,0,0,0,0,0
2024-07-09,SCONES,Turtle,0,0,0,0,0,0,0,0,0,0,0,0,0,0
2024-07-09,SCONES,Cin Chip,0,11,11,9,0,2,0,0,0,0,0,0,0,0
2024-07-09,SCONES,FRUIT BAR,0,0,0,0,0,0,0,0,0,0,0,0,0,0
2024-07-09,SCONES,Triple berry,0,0,0,0,0,0,0,0,0,0,0,0,0,0
2024-07-09,SCONES,cherry,0,0,0,0,0,0,0,0,0,0,0,0,0,0
2024-07-09,SCONES,apple cin,0,5,5,5,0,0,0,0,0,0,0,0,0,0
2024-07-09,SCONES,Straw Rhub,0,5,5,5,0,0,0,0,0,0,0,0,0,0
2024-07-09,MUFFINS,Blue Stru,0,4,4,4,0,0,0,0,0,0,0,0,0,0
2024-07-09,MUFFINS,Choc Carm,0,3,3,3,0,0,0,0,0,0,0,0,0,0
2024-07-09,MUFFINS,Lemon Popp,0,4,4,4,0,0,0,0,0,0,0,0,0,0
2024-07-09,COOKIES/BARS,oat cc,10,24,34,13,0,0,21,0,0,0,0,0,0,0
2024-07-09,COOKIES/BARS,triple cc,4,30,34,28,0,1,5,0,0,0,0,0,0,0
2024-07-09,COOKIES/BARS,Snicker,0,30,30,16,0,0,14,0,0,0,0,0,0,0
2024-07-09,COOKIES/BARS,RWB,7,12,19,2,0,7,10,0,0,0,0,0,0,0
2024-07-09,COOKIES/BARS,Frosted,6,24,30,1,0,5,24,0,0,0,0,0,0,0
2024-07-09,COOKIES/BARS,Brownie,15,15,30,7,0,0,23,0,0,0,0,0,0,0
2024-07-09,COOKIES/BARS,Lemon Bars,8,30,38,14,0,0,24,0,0,0,0,0,0,0
2024-07-09,COOKIES/BARS,Totals,0,232,282,146,0,15,121,0,0,0,0,0,0,0
2024-07-10,BREAD,H,23,21,44,15,11,3,15,0,0,0,0,0,0,0
2024-07-10,BREAD,FR,15,20,35,20,0,0,15,0,0,0,0,0,0,0
2024-07-10,BREAD,GW,3,5,8,7,0,0,1,0,0,0,0,0,0,0
2024-07-10,BREAD,DK,0,28,28,8,0,0,20,0,0,0,0,0,0,0
2024-07-10,BREAD,H5,12,0,12,8,0,0,4,0,0,0,0,0,0,0
2024-07-10,BREAD,CSWRL,5,20,25,17,0,0,8,0,13,13,11,0,0,2
2024-07-10,BREAD,CnE,3,15,18,11,0,0,7,3,5,8,6,0,0,2
2024-07-10,BREAD,CnR,5,5,10,9,0,0,1,0,0,0,0,0,0,0
2024-07-10,BREAD,RW,5,6,11,7,0,0,4,0,0,0,0,0,0,0
2024-07-10,BREAD,Monkey,4,6,10,6,0,1,3,0,0,0,0,0,0,0
2024-07-10,BREAD,RWB,4,0,4,3,0,1,0,4,0,4,3,0,0,0
2024-07-10,BREAD,CG,0,15,15,9,0,0,6,0,8,8,6,0,0,2
2024-07-10,BREAD,Pest,0,9,9,5,0,0,4,0,0,0,0,0,0,0
2024-07-10,BREAD,jal,0,12,12,5,0,0,7,0,0,0,0,0,0,0
2024-07-10,BREAD,Cheetah,0,8,8,3,0,0,5,0,0,0,0,0,0,0
2024-07-10,BREAD,VS,10,0,10,7,0,3,0,1,0,1,0,0,0,0
2024-07-10,BREAD,sour-TL,17,29,46,23,0,0,23,0,0,0,0,0,0,0
2024-07-10,BREAD,OB,3,3,6,4,0,0,2,0,0,0,0,0,0,0
2024-07-10,BREAD,Pepp Roll,5,5,10,10,0,0,0,0,0,0,0,0,0,0
2024-07-10,BREAD,VS Pep Rl,6,0,6,6,0,0,0,0,0,0,0,0,0,0
2024-07-10,BREAD,CAR,17,0,17,4,0,0,13,0,0,0,0,0,0,0
2024-07-10,BREAD,IHF,13,0,13,2,0,0,11,0,0,0,0,0,0,0
2024-07-10,BREAD,H-RLS,0,6,6,3,0,0,3,0,0,0,0,0,0,0
2024-07-10,BREAD,FR-RLS,0,8,8,5,0,0,3,0,0,0,0,0,0,0
2024-07-10,BREAD,VS-RLS,6,0,6,4,0,2,0,0,0,0,0,0,0,0
2024-07-10,BREAD,TEA CAKES,0,0,0,0,0,0,0,0,0,0,0,0,0,0
2024-07-10,BREAD,Blue Stru,0,23,23,8,2,0,13,0,0,0,0,0,0,0
2024-07-10,BREAD,Choc Carm,0,8,8,5,0,0,3,0,0,0,0,0,0,0
2024-07-10,BREAD,Lemon Popp,0,8,8,2,0,0,6,0,0,0,0,0,0,0
2024-07-10,ROLLS,C-Rolls,0,96,96,66,24,6,0,0,0,0,0,0,0,0
2024-07-10,ROLLS,12 mini C-R,0,0,0,0,0,0,0,0,0,0,0,0,0,0
2024-07-10,ROLLS,24 mini C-R,0,0,0,0,0,0,0,0,0,0,0,0,0,0
2024-07-10,SCONES,Blueberry,0,0,0,0,0,0,0,0,0,0,0,0,0,0
2024-07-10,SCONES,Straw Rhubarb,0,20,20,9,0,11,0,0,4,4,0,0,0,0
2024-07-10,SCONES,Cherry,0,0,0,0,0,0,0,0,0,0,0,0,0,0
2024-07-10,SCONES,Butt Almond,0,0,0,0,0,0,0,0,0,0,0,0,0,0
2024-07-10,SCONES,Turtle,0,20,20,5,0,15,0,0,4,4,0,0,0,0
2024-07-10,SCONES,Cin Chip,0,0,0,0,0,0,0,0,0,0,0,0,0,0
2024-07-10,SCONES,FRUIT BAR,0,0,0,0,0,0,0,0,0,0,0,0,0,0
2024-07-10,SCONES,Triple berry,0,10,10,5,2,3,0,0,0,0,0,0,0,0
2024-07-10,SCONES,cherry,0,10,10,6,2,2,0,0,0,0,0,0,0,0
2024-07-10,SCONES,apple cin,0,5,5,4,0,1,0,0,0,0,0,0,0,0
2024-07-10,SCONES,Straw Rhub,0,5,5,4,0,1,0,0,0,0,0,0,0,0
2024-07-10,MUFFINS,Blue Stru,0,12,12,8,0,4,0,0,0,0,0,0,0,0
2024-07-10,MUFFINS,Choc Carm,0,7,7,6,0,1,0,0,4,4,0,0,0,0
2024-07-10,MUFFINS,Lemon Popp,0,8,8,0,0,8,0,0,4,4,0,0,0,0
2024-07-10,COOKIES/BARS,oat cc,21,60,81,41,1,15,24,0,0,0,0,0,0,0
2024-07-10,COOKIES/BARS,triple cc,5,96,101,74,2,0,25,0,0,0,0,0,0,0
2024-07-10,COOKIES/BARS,Snicker,14,120,134,78,2,12,42,0,0,0,0,0,0,0
2024-07-10,COOKIES/BARS,RWB,10,24,34,11,0,9,14,0,0,0,0,0,0,0
2024-07-10,COOKIES/BARS,Frosted,24,24,48,37,0,0,11,0,0,0,0,0,0,0
2024-07-10,COOKIES/BARS,Brownie,23,45,68,43,0,0,25,0,0,0,0,0,0,0
2024-07-10,COOKIES/BARS,Lemon Bars,24,30,54,37,0,0,17,0,0,0,0,0,0,0
2024-07-10,COOKIES/BARS,Totals,0,592,713,434,33,88,158,0,16,16,0,0,0,0
2024-07-11,BREAD,H,15,18,33,23,0,2,8,0,0,0,0,0,0,0
2024-07-11,BREAD,FR,15,34,49,24,25,0,0,0,0,0,0,0,0,0
2024-07-11,BREAD,GW,1,5,6,4,0,1,1,0,0,0,0,0,0,0
2024-07-11,BREAD,DK,20,0,20,11,0,0,9,0,0,0,0,0,0,0
2024-07-11,BREAD,H5,4,11,15,2,0,2,11,0,0,0,0,0,0,0
2024-07-11,BREAD,CSWRL,8,12,20,6,1,5,8,2,6,8,0,0,0,6
2024-07-11,BREAD,CnE,7,9,16,10,0,2,4,2,1,3,0,0,0,1
2024-07-11,BREAD,CnR,1,3,4,0,0,1,3,0,0,0,0,0,0,0
2024-07-11,BREAD,RW,4,2,6,3,0,2,1,0,0,0,0,0,0,0
2024-07-11,BREAD,Monkey,3,0,3,0,0,1,2,0,0,0,0,0,0,0
2024-07-11,BREAD,RWB,0,0,0,-2,0,2,0,0,0,0,-1,0,0,0
2024-07-11,BREAD,CG,6,0,6,-3,0,9,0,2,0,2,1,0,0,0
2024-07-11,BREAD,Pest,4,0,4,4,0,0,0,0,0,0,0,0,0,0
2024-07-11,BREAD,jal,7,0,7,2,0,5,0,0,0,0,0,0,0,0
2024-07-11,BREAD,Cheetah,5,0,5,0,0,5,0,0,0,0,0,0,0,0
2024-07-11,BREAD,VS,0,16,16,2,8,3,3,0,5,5,0,0,0,4
2024-07-11,BREAD,sour-TL,23,0,23,7,0,0,16,0,0,0,0,0,0,0
2024-07-11,BREAD,OB,2,0,2,1,0,0,1,0,0,0,0,0,0,0
2024-07-11,BREAD,Pepp Roll,0,6,6,4,0,0,2,0,0,0,0,0,0,0
2024-07-11,BREAD,VS Pep Rl,0,15,15,7,0,0,8,0,0,0,0,0,0,0
2024-07-11,BREAD,CAR,13,0,13,8,0,0,5,0,0,0,0,0,0,0
2024-07-11,BREAD,IHF,11,0,11,3,0,0,8,0,0,0,0,0,0,0
2024-07-11,BREAD,H-RLS,3,0,3,-1,0,4,0,0,0,0,0,0,0,0
2024-07-11,BREAD,FR-RLS,3,0,3,0,0,3,0,0,0,0,0,0,0,0
2024-07-11,BREAD,VS-RLS,0,8,8,-2,0,2,8,0,0,0,0,0,0,0
2024-07-11,BREAD,TEA CAKES,0,0,0,0,0,0,0,0,0,0,0,0,0,0
2024-07-11,BREAD,Blue Stru,13,0,13,3,1,9,0,0,0,0,0,0,0,0
2024-07-11,BREAD,Choc Carm,3,0,3,0,0,3,0,0,0,0,0,0,0,0
2024-07-11,BREAD,Lemon Popp,6,0,6,1,0,5,0,0,0,0,0,0,0,0
2024-07-11,ROLLS,C-Rolls,0,60,60,47,4,9,0,0,0,0,0,0,0,0
2024-07-11,ROLLS,12 mini C-R,0,0,0,0,0,0,0,0,0,0,0,0,0,0
2024-07-11,ROLLS,24 mini C-R,0,0,0,0,0,0,0,0,0,0,0,0,0,0
2024-07-11,SCONES,Blueberry,0,15,15,12,0,3,0,0,4,4,0,0,0,0
2024-07-11,SCONES,Straw Rhubarb,0,0,0,0,0,0,0,0,0,0,0,0,0,0
2024-07-11,SCONES,Cherry,0,0,0,0,0,0,0,0,0,0,0,0,0,0
2024-07-11,SCONES,Butt Almond,0,0,0,0,0,0,0,0,0,0,0,0,0,0
2024-07-11,SCONES,Turtle,0,14,14,11,0,3,0,0,4,4,0,0,0,0
2024-07-11,SCONES,Cin Chip,0,0,0,0,0,0,0,0,0,0,0,0,0,0
2024-07-11,SCONES,FRUIT BAR,0,0,0,0,0,0,0,0,0,0,0,0,0,0
2024-07-11,SCONES,Triple berry,0,0,0,-5,0,5,0,0,0,0,0,0,0,0
2024-07-11,SCONES,cherry,0,0,0,-8,0,8,0,0,0,0,0,0,0,0
2024-07-11,SCONES,apple cin,0,10,10,0,4,6,0,0,0,0,0,0,0,0
2024-07-11,SCONES,Straw Rhub,0,10,10,5,3,2,0,0,0,0,0,0,0,0
2024-07-11,MUFFINS,Blue Stru,0,6,6,2,0,4,0,0,0,0,0,0,0,0
2024-07-11,MUFFINS,Choc Carm,0,4,4,4,0,0,0,0,3,3,0,0,0,0
2024-07-11,MUFFINS,Lemon Popp,0,5,5,3,0,2,0,0,3,3,0,0,0,0
2024-07-11,COOKIES/BARS,oat cc,24,12,36,24,6,6,0,0,8,8,0,0,0,0
2024-07-11,COOKIES/BARS,triple cc,25,12,37,17,6,14,0,0,8,8,0,0,0,0
2024-07-11,COOKIES/BARS,Snicker,42,0,42,15,6,21,0,0,8,8,0,0,0,0
2024-07-11,COOKIES/BARS,RWB,14,0,14,9,0,5,0,0,0,0,0,0,0,0
2024-07-11,COOKIES/BARS,Frosted,11,24,35,6,0,1,28,0,0,0,0,0,0,0
2024-07-11,COOKIES/BARS,Brownie,25,0,25,-1,0,18,8,0,0,0,0,0,0,0
2024-07-11,COOKIES/BARS,Lemon Bars,17,0,17,9,0,8,0,0,0,0,0,0,0,0
2024-07-11,COOKIES/BARS,Totals,0,172,330,150,29,115,36,0,38,38,0,0,0,0
2024-07-12,BREAD,H,8,27,35,22,3,0,10,0,0,0,0,0,0,0
2024-07-12,BREAD,FR,0,29,29,18,0,0,11,0,0,0,0,0,0,0
2024-07-12,BREAD,GW,1,15,16,6,2,0,8,0,0,0,0,0,0,0
2024-07-12,BREAD,DK,9,20,29,23,0,0,6,0,0,0,0,0,0,0
2024-07-12,BREAD,H5,11,0,11,11,0,0,0,0,0,0,0,0,0,0
2024-07-12,BREAD,CSWRL,8,16,24,18,1,0,5,6,4,10,8,0,0,0
2024-07-12,BREAD,CnE,4,18,22,18,0,0,4,1,7,8,7,0,0,1
2024-07-12,BREAD,CnR,3,9,12,9,0,0,3,0,0,0,0,0,0,0
2024-07-12,BREAD,RW,1,9,10,9,0,0,1,0,0,0,0,0,0,0
2024-07-12,BREAD,Monkey,2,10,12,10,0,0,2,0,0,0,0,0,0,0
2024-07-12,BREAD,RWB,0,0,0,0,0,0,0,0,0,0,0,0,0,0
2024-07-12,BREAD,CG,0,9,9,7,0,0,2,0,8,8,5,0,0,3
2024-07-12,BREAD,Pest,0,14,14,11,0,0,3,0,0,0,0,0,0,0
2024-07-12,BREAD,jal,0,12,12,11,0,0,1,0,0,0,0,0,0,0
2024-07-12,BREAD,Cheetah,0,9,9,5,0,0,4,0,0,0,0,0,0,0
2024-07-12,BREAD,VS,3,0,3,2,0,0,1,4,0,4,4,0,0,0
2024-07-12,BREAD,sour-TL,16,17,33,27,0,0,6,0,0,0,0,0,0,0
2024-07-12,BREAD,OB,1,6,7,4,0,1,2,0,0,0,0,0,0,0
2024-07-12,BREAD,Pepp Roll,2,10,12,8,0,0,4,0,0,0,0,0,0,0
2024-07-12,BREAD,VS Pep Rl,8,0,8,7,0,0,1,0,0,0,0,0,0,0
2024-07-12,BREAD,CAR,5,0,5,-1,0,0,6,0,0,0,0,0,0,0
2024-07-12,BREAD,IHF,8,0,8,3,0,0,5,0,0,0,0,0,0,0
2024-07-12,BREAD,H-RLS,0,8,8,5,0,0,3,0,0,0,0,0,0,0
2024-07-12,BREAD,FR-RLS,0,8,8,5,0,0,3,0,0,0,0,0,0,0
2024-07-12,BREAD,VS-RLS,8,0,8,6,0,0,2,0,0,0,0,0,0,0
2024-07-12,BREAD,TEA CAKES,0,0,0,0,0,0,0,0,0,0,0,0,0,0
2024-07-12,BREAD,Blue Stru,0,23,23,15,3,0,5,0,0,0,0,0,0,0
2024-07-12,BREAD,Choc Carm,0,8,8,4,0,0,4,0,0,0,0,0,0,0
2024-07-12,BREAD,Straw Shortcake,0,11,11,8,0,0,3,0,0,0,0,0,0,0
2024-07-12,ROLLS,C-Rolls,0,36,36,29,0,7,0,0,0,0,0,0,0,0
2024-07-12,ROLLS,12 mini C-R,0,0,0,0,0,0,0,0,0,0,0,0,0,0
2024-07-12,ROLLS,24 mini C-R,0,0,0,0,0,0,0,0,0,0,0,0,0,0
2024-07-12,SCONES,Blueberry,0,0,0,0,0,0,0,0,0,0,0,0,0,0
2024-07-12,SCONES,Straw Rhubarb,0,0,0,0,0,0,0,0,0,0,0,0,0,0
2024-07-12,SCONES,Cherry,0,9,9,9,0,0,0,0,4,4,0,0,0,0
2024-07-12,SCONES,Butt Almond,0,8,8,8,0,0,0,0,4,4,0,0,0,0
2024-07-12,SCONES,Turtle,0,0,0,0,0,0,0,0,0,0,0,0,0,0
2024-07-12,SCONES,Cin Chip,0,0,0,0,0,0,0,0,0,0,0,0,0,0
2024-07-12,SCONES,FRUIT BAR,0,0,0,0,0,0,0,0,0,0,0,0,0,0
2024-07-12,SCONES,Triple berry,0,10,10,5,1,4,0,0,0,0,0,0,0,0
2024-07-12,SCONES,cherry,0,10,10,7,1,2,0,0,0,0,0,0,0,0
2024-07-12,SCONES,apple cin,0,5,5,4,1,0,0,0,0,0,0,0,0,0
2024-07-12,SCONES,Straw Rhub,0,5,5,5,0,0,0,0,0,0,0,0,0,0
2024-07-12,MUFFINS,Blue Stru,0,5,5,5,0,0,0,0,0,0,0,0,0,0
2024-07-12,MUFFINS,Choc Carm,0,3,3,3,0,0,0,0,3,3,0,0,0,0
2024-07-12,MUFFINS,straw short,0,4,4,4,0,0,0,0,3,3,0,0,0,0
2024-07-12,COOKIES/BARS,oat cc,0,72,72,40,20,0,12,0,0,0,0,0,0,0
2024-07-12,COOKIES/BARS,triple cc,0,84,84,52,20,0,12,0,0,0,0,0,0,0
2024-07-12,COOKIES/BARS,Snicker,0,96,96,51,21,0,24,0,0,0,0,0,0,0
2024-07-12,COOKIES/BARS,RWB,0,30,30,18,0,0,12,0,0,0,0,0,0,0
2024-07-12,COOKIES/BARS,Frosted,28,0,28,16,0,2,10,0,0,0,0,0,0,0
2024-07-12,COOKIES/BARS,Brownie,8,30,38,15,0,1,22,0,0,0,0,0,0,0
2024-07-12,COOKIES/BARS,Lemon Bars,0,45,45,23,0,7,15,0,0,0,0,0,0,0
2024-07-12,COOKIES/BARS,Totals,0,452,488,294,64,23,107,0,14,14,0,0,0,0
2024-07-13,BREAD,H,10,0,10,10,0,0,0,0,0,0,0,0,0,0
2024-07-13,BREAD,FR,11,0,11,7,0,4,0,0,0,0,0,0,0,0
2024-07-13,BREAD,GW,8,0,8,2,0,6,0,0,0,0,0,0,0,0
2024-07-13,BREAD,DK,6,0,6,6,0,0,0,0,0,0,0,0,0,0
2024-07-13,BREAD,H5,0,0,0,0,0,0,0,0,0,0,0,0,0,0
2024-07-13,BREAD,CSWRL,5,17,22,19,2,1,0,0,11,11,1,0,0,0
2024-07-13,BREAD,CnE,4,0,4,4,0,0,0,1,0,1,0,0,0,0
2024-07-13,BREAD,CnR,3,0,3,3,0,0,0,0,0,0,0,0,0,0
2024-07-13,BREAD,RW,1,0,1,0,0,1,0,0,0,0,0,0,0,0
2024-07-13,BREAD,Monkey,2,0,2,2,0,0,0,0,0,0,0,0,0,0
2024-07-13,BREAD,RWB,0,0,0,0,0,0,0,0,0,0,0,0,0,0
2024-07-13,BREAD,CG,2,0,2,2,0,0,0,3,0,3,0,0,0,0
2024-07-13,BREAD,Pest,3,0,3,1,0,2,0,0,0,0,0,0,0,0
2024-07-13,BREAD,jal,1,0,1,0,0,1,0,0,0,0,0,0,0,0
2024-07-13,BREAD,Cheetah,4,0,4,1,0,3,0,0,0,0,0,0,0,0
2024-07-13,BREAD,VS,1,0,1,1,0,0,0,0,0,0,-1,0,0,0
2024-07-13,BREAD,sour-TL,6,0,6,6,0,0,0,0,0,0,0,0,0,0
2024-07-13,BREAD,OB,2,0,2,2,0,0,0,0,0,0,0,0,0,0
2024-07-13,BREAD,Pepp Roll,4,0,4,4,0,0,0,0,0,0,0,0,0,0
2024-07-13,BREAD,VS Pep Rl,1,0,1,1,0,0,0,0,0,0,0,0,0,0
2024-07-13,BREAD,CAR,6,0,6,1,0,0,5,0,0,0,0,0,0,0
2024-07-13,BREAD,IHF,5,0,5,2,0,0,3,0,0,0,0,0,0,0
2024-07-13,BREAD,H-RLS,3,0,3,0,0,3,0,0,0,0,0,0,0,0
2024-07-13,BREAD,FR-RLS,3,0,3,0,0,3,0,0,0,0,0,0,0,0
2024-07-13,BREAD,VS-RLS,2,0,2,1,0,1,0,0,0,0,0,0,0,0
2024-07-13,BREAD,TEA CAKES,0,0,0,0,0,0,0,0,0,0,0,0,0,0
2024-07-13,BREAD,Blue Stru,5,1,6,2,1,3,0,0,0,0,0,0,0,0
2024-07-13,BREAD,Choc Carm,4,0,4,4,0,0,0,0,0,0,0,0,0,0
2024-07-13,BREAD,Straw Shortcake,3,0,3,-1,0,4,0,0,0,0,0,0,0,0
2024-07-13,ROLLS,C-Rolls,0,144,144,107,0,37,0,0,0,0,0,0,0,0
2024-07-13,ROLLS,12 mini C-R,0,0,0,0,0,0,0,0,0,0,0,0,0,0
2024-07-13,ROLLS,24 mini C-R,0,72,72,0,72,0,0,0,0,0,0,0,0,0
2024-07-13,SCONES,Blueberry,0,31,31,31,0,0,0,0,0,0,0,0,0,0
2024-07-13,SCONES,Straw Rhubarb,0,0,0,0,0,0,0,0,0,0,0,0,0,0
2024-07-13,SCONES,Cherry,0,0,0,0,0,0,0,0,0,0,0,0,0,0
2024-07-13,SCONES,Butt Almond,0,24,24,20,0,4,0,0,0,0,0,0,0,0
2024-07-13,SCONES,Turtle,0,0,0,0,0,0,0,0,0,0,0,0,0,0
2024-07-13,SCONES,Cin Chip,0,0,0,0,0,0,0,0,0,0,0,0,0,0
2024-07-13,SCONES,FRUIT BAR,0,0,0,0,0,0,0,0,0,0,0,0,0,0
2024-07-13,SCONES,Triple berry,0,5,5,1,0,4,0,0,0,0,0,0,0,0
2024-07-13,SCONES,cherry,0,5,5,3,0,2,0,0,0,0,0,0,0,0
2024-07-13,SCONES,apple cin,0,5,5,2,0,3,0,0,0,0,0,0,0,0
2024-07-13,SCONES,Straw Rhub,0,5,5,4,0,1,0,0,0,0,0,0,0,0
2024-07-13,MUFFINS,Blue Stru,0,13,13,11,0,2,0,0,0,0,0,0,0,0
2024-07-13,MUFFINS,Choc Carm,0,7,7,5,0,2,0,0,0,0,0,0,0,0
2024-07-13,MUFFINS,straw short,0,8,8,7,0,1,0,0,0,0,0,0,0,0
2024-07-13,COOKIES/BARS,oat cc,12,8,20,-1,2,19,0,0,0,0,0,0,0,0
2024-07-13,COOKIES/BARS,triple cc,12,8,20,-8,2,26,0,0,0,0,0,0,0,0
2024-07-13,COOKIES/BARS,Snicker,24,0,24,-15,2,37,0,0,0,0,0,0,0,0
2024-07-13,COOKIES/BARS,Frosted,10,0,10,-4,0,14,0,0,0,0,0,0,0,0
2024-07-13,COOKIES/BARS,Brownie,22,0,22,-4,0,23,3,0,0,0,0,0,0,0
2024-07-13,COOKIES/BARS,Lemon Bars,15,0,15,-3,0,9,9,0,0,0,0,0,0,0
2024-07-13,COOKIES/BARS,Totals,0,335,442,145,78,207,12,0,0,0,0,0,0,0
2024-07-14,BREAD,H,0,0,0,0,0,0,0,0,0,0,0,0,0,0
2024-07-14,BREAD,FR,0,0,0,0,0,0,0,0,0,0,0,0,0,0
2024-07-14,BREAD,GW,0,0,0,0,0,0,0,0,0,0,0,0,0,0
2024-07-14,BREAD,DK,0,0,0,0,0,0,0,0,0,0,0,0,0,0
2024-07-14,BREAD,H5,0,0,0,0,0,0,0,0,0,0,0,0,0,0
2024-07-14,BREAD,CSWRL,0,0,0,0,0,0,0,0,0,0,0,0,0,0
2024-07-14,BREAD,CnE,0,0,0,0,0,0,0,0,0,0,0,0,0,0
2024-07-14,BREAD,CnR,0,0,0,0,0,0,0,0,0,0,0,0,0,0
2024-07-14,BREAD,RW,0,0,0,0,0,0,0,0,0,0,0,0,0,0
2024-07-14,BREAD,Monkey,0,0,0,0,0,0,0,0,0,0,0,0,0,0
2024-07-14,BREAD,RWB,0,0,0,0,0,0,0,0,0,0,0,0,0,0
2024-07-14,BREAD,CG,0,0,0,0,0,0,0,0,0,0,0,0,0,0
2024-07-14,BREAD,Pest,0,0,0,0,0,0,0,0,0,0,0,0,0,0
2024-07-14,BREAD,jal,0,0,0,0,0,0,0,0,0,0,0,0,0,0
2024-07-14,BREAD,Cheetah,0,0,0,0,0,0,0,0,0,0,0,0,0,0
2024-07-14,BREAD,VS,0,0,0,0,0,0,0,0,0,0,0,0,0,0
2024-07-14,BREAD,sour-TL,0,0,0,0,0,0,0,0,0,0,0,0,0,0
2024-07-14,BREAD,OB,0,0,0,0,0,0,0,0,0,0,0,0,0,0
2024-07-14,BREAD,Pepp Roll,0,0,0,0,0,0,0,0,0,0,0,0,0,0
2024-07-14,BREAD,VS Pep Rl,0,0,0,0,0,0,0,0,0,0,0,0,0,0
2024-07-14,BREAD,CAR,5,0,5,0,0,0,5,0,0,0,0,0,0,0
2024-07-14,BREAD,IHF,3,0,3,0,0,0,3,0,0,0,0,0,0,0
2024-07-14,BREAD,H-RLS,0,0,0,0,0,0,0,0,0,0,0,0,0,0
2024-07-14,BREAD,FR-RLS,0,0,0,0,0,0,0,0,0,0,0,0,0,0
2024-07-14,BREAD,VS-RLS,0,0,0,0,0,0,0,0,0,0,0,0,0,0
2024-07-14,BREAD,TEA CAKES,0,0,0,0,0,0,0,0,0,0,0,0,0,0
2024-07-14,BREAD,Blue Stru,0,0,0,0,0,0,0,0,0,0,0,0,0,0
2024-07-14,BREAD,Choc Carm,0,0,0,0,0,0,0,0,0,0,0,0,0,0
2024-07-14,BREAD,Straw Shortcake,0,0,0,0,0,0,0,0,0,0,0,0,0,0
2024-07-14,ROLLS,C-Rolls,0,0,0,0,0,0,0,0,0,0,0,0,0,0
2024-07-14,ROLLS,12 mini C-R,0,0,0,0,0,0,0,0,0,0,0,0,0,0
2024-07-14,ROLLS,24 mini C-R,0,0,0,0,0,0,0,0,0,0,0,0,0,0
2024-07-14,SCONES,Blueberry,0,0,0,0,0,0,0,0,0,0,0,0,0,0
2024-07-14,SCONES,Straw Rhubarb,0,0,0,0,0,0,0,0,0,0,0,0,0,0
2024-07-14,SCONES,Cherry,0,0,0,0,0,0,0,0,0,0,0,0,0,0
2024-07-14,SCONES,Butt Almond,0,0,0,0,0,0,0,0,0,0,0,0,0,0
2024-07-14,SCONES,Turtle,0,0,0,0,0,0,0,0,0,0,0,0,0,0
2024-07-14,SCONES,Cin Chip,0,0,0,0,0,0,0,0,0,0,0,0,0,0
2024-07-14,SCONES,FRUIT BAR,0,0,0,0,0,0,0,0,0,0,0,0,0,0
2024-07-14,SCONES,Triple berry,0,0,0,0,0,0,0,0,0,0,0,0,0,0
2024-07-14,SCONES,cherry,0,0,0,0,0,0,0,0,0,0,0,0,0,0
2024-07-14,SCONES,apple cin,0,0,0,0,0,0,0,0,0,0,0,0,0,0
2024-07-14,SCONES,Straw Rhub,0,0,0,0,0,0,0,0,0,0,0,0,0,0
2024-07-14,MUFFINS,Blue Stru,0,0,0,0,0,0,0,0,0,0,0,0,0,0
2024-07-14,MUFFINS,Choc Carm,0,0,0,0,0,0,0,0,0,0,0,0,0,0
2024-07-14,MUFFINS,straw short,0,0,0,0,0,0,0,0,0,0,0,0,0,0
2024-07-14,COOKIES/BARS,oat cc,0,0,0,0,0,0,0,0,0,0,0,0,0,0
2024-07-14,COOKIES/BARS,triple cc,0,0,0,0,0,0,0,0,0,0,0,0,0,0
2024-07-14,COOKIES/BARS,Snicker,0,0,0,0,0,0,0,0,0,0,0,0,0,0
2024-07-14,COOKIES/BARS,Frosted,0,0,0,0,0,0,0,0,0,0,0,0,0,0
2024-07-14,COOKIES/BARS,Brownie,3,0,3,0,0,0,3,0,0,0,0,0,0,0
2024-07-14,COOKIES/BARS,Lemon Bars,9,0,9,0,0,0,9,0,0,0,0,0,0,0
2024-07-14,COOKIES/BARS,Totals,12,0,12,0,0,0,12,0,0,0,0,0,0,0
2024-07-15,BREAD,H,0,24,24,24,0,0,0,0,0,0,0,0,0,0
2024-07-15,BREAD,FR,0,35,35,11,20,0,4,0,0,0,0,0,0,0
2024-07-15,BREAD,GW,0,8,8,7,1,0,0,0,0,0,0,0,0,0
2024-07-15,BREAD,DK,0,21,21,6,0,0,15,0,0,0,0,0,0,0
2024-07-15,BREAD,H5,0,0,0,0,0,0,0,0,0,0,0,0,0,0
2024-07-15,BREAD,CSWRL,0,20,20,12,1,0,7,0,6,6,6,0,0,0
2024-07-15,BREAD,CnE,0,8,8,8,0,0,0,0,3,3,3,0,0,0
2024-07-15,BREAD,CnR,0,3,3,2,0,0,1,0,0,0,0,0,0,0
2024-07-15,BREAD,RW,0,3,3,3,0,0,0,0,0,0,0,0,0,0
2024-07-15,BREAD,Monkey,0,3,3,0,0,0,3,0,0,0,0,0,0,0
2024-07-15,BREAD,RWB,0,0,0,0,0,0,0,0,0,0,0,0,0,0
2024-07-15,BREAD,CG,0,5,5,3,0,0,2,0,4,4,2,0,0,2
2024-07-15,BREAD,Pest,0,3,3,1,0,0,2,0,0,0,0,0,0,0
2024-07-15,BREAD,jal,0,3,3,2,0,0,1,0,0,0,0,0,0,0
2024-07-15,BREAD,Cheetah,0,3,3,1,0,0,2,0,0,0,0,0,0,0
2024-07-15,BREAD,VS,0,0,0,0,0,0,0,0,0,0,0,0,0,0
2024-07-15,BREAD,sour-TL,0,18,18,7,7,0,4,0,0,0,0,0,0,0
2024-07-15,BREAD,OB,0,3,3,0,0,0,3,0,0,0,0,0,0,0
2024-07-15,BREAD,Pepp Roll,0,8,8,1,2,0,5,0,0,0,0,0,0,0
2024-07-15,BREAD,VS Pep Rl,0,0,0,0,0,0,0,0,0,0,0,0,0,0
2024-07-15,BREAD,CAR,5,0,5,2,1,0,2,0,0,0,0,0,0,0
2024-07-15,BREAD,IHF,3,15,18,2,0,0,16,0,0,0,0,0,0,0
2024-07-15,BREAD,H-RLS,0,3,3,0,0,0,3,0,0,0,0,0,0,0
2024-07-15,BREAD,FR-RLS,0,2,2,1,0,0,1,0,0,0,0,0,0,0
2024-07-15,BREAD,VS-RLS,0,0,0,0,0,0,0,0,0,0,0,0,0,0
2024-07-15,BREAD,TEA CAKES,0,0,0,0,0,0,0,0,0,0,0,0,0,0
2024-07-15,BREAD,Blue Stru,0,7,7,1,2,0,4,0,0,0,0,0,0,0
2024-07-15,BREAD,Choc Carm,0,3,3,2,0,0,1,0,0,0,0,0,0,0
2024-07-15,BREAD,Straw Shortcake,0,4,4,1,0,0,3,0,0,0,0,0,0,0
2024-07-15,ROLLS,C-Rolls,0,24,24,24,0,0,0,0,0,0,0,0,0,0
2024-07-15,ROLLS,12 mini C-R,0,0,0,0,0,0,0,0,0,0,0,0,0,0
2024-07-15,ROLLS,24 mini C-R,0,0,0,0,0,0,0,0,0,0,0,0,0,0
2024-07-15,SCONES,Blueberry,0,0,0,0,0,0,0,0,0,0,0,0,0,0
2024-07-15,SCONES,Straw Rhubarb,0,9,9,3,0,6,0,0,4,4,0,0,0,0
2024-07-15,SCONES,Cherry,0,0,0,0,0,0,0,0,0,0,0,0,0,0
2024-07-15,SCONES,Butt Almond,0,0,0,0,0,0,0,0,0,0,0,0,0,0
2024-07-15,SCONES,Turtle,0,0,0,0,0,0,0,0,0,0,0,0,0,0
2024-07-15,SCONES,Cin Chip,0,9,9,8,0,1,0,0,4,4,0,0,0,0
2024-07-15,SCONES,FRUIT BAR,0,0,0,0,0,0,0,0,0,0,0,0,0,0
2024-07-15,SCONES,Triple berry,0,5,5,1,2,2,0,0,0,0,0,0,0,0
2024-07-15,SCONES,cherry,0,5,5,1,2,2,0,0,0,0,0,0,0,0
2024-07-15,SCONES,apple cin,0,0,0,0,0,0,0,0,0,0,0,0,0,0
2024-07-15,SCONES,Straw Rhub,0,0,0,0,0,0,0,0,0,0,0,0,0,0
2024-07-15,MUFFINS,Blue Stru,0,4,4,2,0,2,0,0,0,0,0,0,0,0
2024-07-15,MUFFINS,Choc Carm,0,2,2,2,0,0,0,0,3,3,0,0,0,0
2024-07-15,MUFFINS,straw short,0,3,3,0,0,3,0,0,3,3,0,0,0,0
2024-07-15,COOKIES/BARS,oat cc,0,30,30,20,0,0,10,0,2,2,0,0,0,0
2024-07-15,COOKIES/BARS,triple cc,0,30,30,10,0,0,20,0,4,4,0,0,0,0
2024-07-15,COOKIES/BARS,Snicker,0,30,30,8,0,0,22,0,4,4,0,0,0,0
2024-07-15,COOKIES/BARS,Frosted,0,12,12,0,0,0,12,0,0,0,0,0,0,0
2024-07-15,COOKIES/BARS,Brownie,3,15,18,4,2,0,12,0,0,0,0,0,0,0
2024-07-15,COOKIES/BARS,Lemon Bars,9,15,24,12,2,0,10,0,0,0,0,0,0,0
2024-07-15,COOKIES/BARS,Totals,0,193,205,95,8,16,86,0,24,24,0,0,0,0
2024-07-16,BREAD,H,0,37,37,-12,19,0,30,0,0,0,0,0,0,0
2024-07-16,BREAD,FR,4,30,34,14,0,0,20,0,0,0,0,0,0,0
2024-07-16,BREAD,GW,0,4,4,1,0,0,3,0,0,0,0,0,0,0
2024-07-16,BREAD,DK,15,0,15,8,0,0,7,0,0,0,0,0,0,0
2024-07-16,BREAD,H5,0,19,19,2,0,0,17,0,0,0,0,0,0,0
2024-07-16,BREAD,CSWRL,7,9,16,11,0,1,4,0,7,7,3,0,0,4
2024-07-16,BREAD,CnE,0,20,20,7,0,0,13,0,5,5,5,0,0,0
2024-07-16,BREAD,CnR,1,8,9,4,0,0,5,0,0,0,0,0,0,0
2024-07-16,BREAD,RW,0,7,7,-1,0,0,8,0,0,0,0,0,0,0
2024-07-16,BREAD,Monkey,3,6,9,8,0,1,0,0,0,0,0,0,0,0
2024-07-16,BREAD,RWB,0,0,0,0,0,0,0,0,0,0,0,0,0,0
2024-07-16,BREAD,CG,2,0,2,2,0,0,0,2,0,2,2,0,0,0
2024-07-16,BREAD,Pest,2,0,2,2,0,0,0,0,0,0,0,0,0,0
2024-07-16,BREAD,jal,1,0,1,1,0,0,0,0,0,0,0,0,0,0
2024-07-16,BREAD,Cheetah,2,0,2,0,0,2,0,0,0,0,0,0,0,0
2024-07-16,BREAD,VS,0,8,8,1,0,0,7,0,6,6,-1,0,0,7
2024-07-16,BREAD,sour-TL,4,22,26,8,0,0,18,0,0,0,0,0,0,0
2024-07-16,BREAD,OB,3,3,6,3,0,0,3,0,0,0,0,0,0,0
2024-07-16,BREAD,Pepp Roll,5,6,11,3,0,2,6,0,0,0,0,0,0,0
2024-07-16,BREAD,VS Pep Rl,0,15,15,3,0,0,12,0,0,0,0,0,0,0
2024-07-16,BREAD,CAR,2,19,21,0,0,0,21,0,0,0,0,0,0,0
2024-07-16,BREAD,IHF,16,0,16,4,0,0,12,0,0,0,0,0,0,0
2024-07-16,BREAD,H-RLS,3,0,3,1,0,2,0,0,0,0,0,0,0,0
2024-07-16,BREAD,FR-RLS,1,2,3,1,0,0,2,0,0,0,0,0,0,0
2024-07-16,BREAD,VS-RLS,0,8,8,0,0,0,8,0,0,0,0,0,0,0
2024-07-16,BREAD,TEA CAKES,0,0,0,0,0,0,0,0,0,0,0,0,0,0
2024-07-16,BREAD,Blue Stru,4,3,7,3,2,2,0,0,0,0,0,0,0,0
2024-07-16,BREAD,Choc Carm,1,2,3,3,0,0,0,0,0,0,0,0,0,0
2024-07-16,BREAD,Straw Shortcake,3,0,3,2,0,1,0,0,0,0,0,0,0,0
2024-07-16,ROLLS,C-Rolls,0,24,24,21,0,3,0,0,0,0,0,0,0,0
2024-07-16,ROLLS,12 mini C-R,0,0,0,0,0,0,0,0,0,0,0,0,0,0
2024-07-16,ROLLS,24 mini C-R,0,0,0,0,0,0,0,0,0,0,0,0,0,0
2024-07-16,SCONES,Blueberry,0,12,12,12,0,0,0,0,0,0,0,0,0,0
2024-07-16,SCONES,Straw Rhubarb,0,0,0,0,0,0,0,0,0,0,0,0,0,0
2024-07-16,SCONES,Cherry,0,0,0,0,0,0,0,0,0,0,0,0,0,0
2024-07-16,SCONES,Butt Almond,0,0,0,0,0,0,0,0,0,0,0,0,0,0
2024-07-16,SCONES,Turtle,0,0,0,0,0,0,0,0,0,0,0,0,0,0
2024-07-16,SCONES,Cin Chip,0,11,11,8,0,3,0,0,0,0,0,0,0,0
2024-07-16,SCONES,FRUIT BAR,0,0,0,0,0,0,0,0,0,0,0,0,0,0
2024-07-16,SCONES,Triple berry,0,0,0,0,0,0,0,0,0,0,0,0,0,0
2024-07-16,SCONES,cherry,0,0,0,0,0,0,0,0,0,0,0,0,0,0
2024-07-16,SCONES,apple cin,0,5,5,4,1,0,0,0,0,0,0,0,0,0
2024-07-16,SCONES,Straw Rhub,0,5,5,1,2,2,0,0,0,0,0,0,0,0
2024-07-16,MUFFINS,Blue Stru,0,4,4,1,0,3,0,0,0,0,0,0,0,0
2024-07-16,MUFFINS,Choc Carm,0,3,3,1,0,2,0,0,0,0,0,0,0,0
2024-07-16,MUFFINS,straw short,0,4,4,2,0,2,0,0,0,0,0,0,0,0
2024-07-16,COOKIES/BARS,oat cc,10,24,34,21,5,0,8,0,6,6,0,0,0,0
2024-07-16,COOKIES/BARS,triple cc,20,18,38,14,6,0,18,0,6,6,0,0,0,0
2024-07-16,COOKIES/BARS,Snicker,22,18,40,31,6,0,3,0,8,8,0,0,0,0
2024-07-16,COOKIES/BARS,Frosted,12,42,54,7,0,0,47,0,0,0,0,0,0,0
2024-07-16,COOKIES/BARS,Brownie,12,30,42,5,4,4,29,0,0,0,0,0,0,0
2024-07-16,COOKIES/BARS,Lemon Bars,10,30,40,9,3,0,28,0,0,0,0,0,0,0
2024-07-16,COOKIES/BARS,Totals,0,230,316,137,27,19,133,0,20,20,0,0,0,0
2024-07-17,BREAD,H,30,33,63,28,29,0,6,0,0,0,0,0,0,0
2024-07-17,BREAD,FR,20,25,45,31,0,0,14,0,0,0,0,0,0,0
2024-07-17,BREAD,GW,3,10,13,9,0,1,3,0,0,0,0,0,0,0
2024-07-17,BREAD,DK,7,18,25,12,0,0,13,0,0,0,0,0,0,0
2024-07-17,BREAD,H5,17,0,17,3,0,0,14,0,0,0,0,0,0,0
2024-07-17,BREAD,CSWRL,4,21,25,20,1,0,4,4,8,12,11,0,0,1
2024-07-17,BREAD,CnE,13,9,22,16,0,0,6,0,7,7,6,0,0,1
2024-07-17,BREAD,CnR,5,6,11,10,0,0,1,0,0,0,0,0,0,0
2024-07-17,BREAD,RW,8,0,8,7,0,0,1,0,0,0,0,0,0,0
2024-07-17,BREAD,Monkey,0,10,10,3,0,0,7,0,0,0,0,0,0,0
2024-07-17,BREAD,RWB,0,0,0,0,0,0,0,0,0,0,0,0,0,0
2024-07-17,BREAD,CG,0,16,16,5,0,0,11,0,8,8,4,0,0,4
2024-07-17,BREAD,Pest,0,9,9,4,0,0,5,0,0,0,0,0,0,0
2024-07-17,BREAD,jal,0,11,11,6,0,0,5,0,0,0,0,0,0,0
2024-07-17,BREAD,Cheetah,0,7,7,6,0,0,1,0,0,0,0,0,0,0
2024-07-17,BREAD,VS,7,0,7,5,0,2,0,7,0,7,7,0,0,0
2024-07-17,BREAD,sour-TL,18,13,31,24,0,0,7,0,0,0,0,0,0,0
2024-07-17,BREAD,OB,3,3,6,3,0,0,3,0,0,0,0,0,0,0
2024-07-17,BREAD,Pepp Roll,6,12,18,10,0,0,8,0,0,0,0,0,0,0
2024-07-17,BREAD,VS Pep Rl,12,0,12,10,0,0,2,0,0,0,0,0,0,0
2024-07-17,BREAD,CAR,21,0,21,9,0,0,12,0,0,0,0,0,0,0
2024-07-17,BREAD,IHF,12,0,12,5,0,0,7,0,0,0,0,0,0,0
2024-07-17,BREAD,H-RLS,0,6,6,4,0,0,2,0,0,0,0,0,0,0
2024-07-17,BREAD,FR-RLS,2,6,8,8,0,0,0,0,0,0,0,0,0,0
2024-07-17,BREAD,VS-RLS,8,0,8,5,0,3,0,0,0,0,0,0,0,0
2024-07-17,BREAD,TEA CAKES,0,0,0,0,0,0,0,0,0,0,0,0,0,0
2024-07-17,BREAD,Blue Stru,0,18,18,13,1,0,4,0,0,0,0,0,0,0
2024-07-17,BREAD,Choc Carm,0,8,8,6,0,0,2,0,0,0,0,0,0,0
2024-07-17,BREAD,Straw Shortcake,0,10,10,3,0,0,7,0,0,0,0,0,0,0
2024-07-17,ROLLS,C-Rolls,0,96,96,90,0,6,0,0,0,0,0,0,0,0
2024-07-17,ROLLS,12 mini C-R,0,0,0,0,0,0,0,0,0,0,0,0,0,0
2024-07-17,ROLLS,24 mini C-R,0,0,0,0,0,0,0,0,0,0,0,0,0,0
2024-07-17,SCONES,Blueberry,0,0,0,0,0,0,0,0,0,0,0,0,0,0
2024-07-17,SCONES,Straw Rhubarb,0,24,24,11,0,13,0,0,2,2,0,0,0,0
2024-07-17,SCONES,Cherry,0,0,0,0,0,0,0,0,0,0,0,0,0,0
2024-07-17,SCONES,Butt Almond,0,0,0,0,0,0,0,0,0,0,0,0,0,0
2024-07-17,SCONES,Turtle,0,16,16,14,0,2,0,0,2,2,0,0,0,0
2024-07-17,SCONES,Cin Chip,0,0,0,0,0,0,0,0,0,0,0,0,0,0
2024-07-17,SCONES,FRUIT BAR,0,0,0,0,0,0,0,0,0,0,0,0,0,0
2024-07-17,SCONES,Triple berry,0,10,10,6,1,3,0,0,0,0,0,0,0,0
2024-07-17,SCONES,cherry,0,10,10,6,1,3,0,0,0,0,0,0,0,0
2024-07-17,SCONES,apple cin,0,5,5,5,0,0,0,0,0,0,0,0,0,0
2024-07-17,SCONES,Straw Rhub,0,5,5,5,0,0,0,0,0,0,0,0,0,0
2024-07-17,MUFFINS,Blue Stru,0,10,10,7,0,3,0,0,0,0,0,0,0,0
2024-07-17,MUFFINS,Choc Carm,0,7,7,5,0,2,0,0,2,2,0,0,0,0
2024-07-17,MUFFINS,straw short,0,8,8,0,0,8,0,0,2,2,0,0,0,0
2024-07-17,COOKIES/BARS,oat cc,8,90,98,40,21,0,37,0,4,4,0,0,0,0
2024-07-17,COOKIES/BARS,triple cc,18,102,120,67,21,6,26,0,4,4,0,0,0,0
2024-07-17,COOKIES/BARS,Snicker,3,138,141,69,21,0,51,0,4,4,0,0,0,0
2024-07-17,COOKIES/BARS,Frosted,47,6,53,45,0,0,8,0,0,0,0,0,0,0
2024-07-17,COOKIES/BARS,Brownie,29,30,59,49,0,0,10,0,0,0,0,0,0,0
2024-07-17,COOKIES/BARS,Lemon Bars,28,30,58,47,0,4,7,0,0,0,0,0,0,0
2024-07-17,COOKIES/BARS,Totals,0,587,720,466,65,50,139,0,20,20,0,0,0,0
2024-07-18,BREAD,H,6,25,31,14,0,0,17,0,0,0,0,0,0,0
2024-07-18,BREAD,FR,14,30,44,15,20,0,9,0,0,0,0,0,0,0
2024-07-18,BREAD,GW,3,1,4,2,0,2,0,0,0,0,0,0,0,0
2024-07-18,BREAD,DK,13,0,13,-1,0,1,13,0,0,0,0,0,0,0
2024-07-18,BREAD,H5,14,0,14,7,0,0,7,0,0,0,0,0,0,0
2024-07-18,BREAD,CSWRL,4,17,21,15,1,2,3,1,6,7,1,0,0,4
2024-07-18,BREAD,CnE,6,10,16,12,0,1,3,1,3,4,0,0,0,2
2024-07-18,BREAD,CnR,1,3,4,2,0,2,0,0,0,0,0,0,0,0
2024-07-18,BREAD,RW,1,3,4,0,0,1,3,0,0,0,0,0,0,0
2024-07-18,BREAD,Monkey,7,0,7,2,0,5,0,0,0,0,0,0,0,0
2024-07-18,BREAD,RWB,0,0,0,0,0,0,0,0,0,0,0,0,0,0
2024-07-18,BREAD,CG,11,0,11,-2,0,0,13,4,0,4,0,0,0,3
2024-07-18,BREAD,Pest,5,0,5,-2,0,2,5,0,0,0,0,0,0,0
2024-07-18,BREAD,jal,5,0,5,1,0,0,4,0,0,0,0,0,0,0
2024-07-18,BREAD,Cheetah,1,0,1,-1,0,1,1,0,0,0,0,0,0,0
2024-07-18,BREAD,VS,0,12,12,-1,0,3,10,0,5,5,-5,0,0,4
2024-07-18,BREAD,sour-TL,7,17,24,5,0,0,19,0,0,0,0,0,0,0
2024-07-18,BREAD,OB,3,0,3,-2,0,2,3,0,0,0,0,0,0,0
2024-07-18,BREAD,Pepp Roll,8,0,8,6,0,2,0,0,0,0,0,0,0,0
2024-07-18,BREAD,VS Pep Rl,2,17,19,2,0,2,15,0,0,0,-3,0,0,0
2024-07-18,BREAD,CAR,12,0,12,-1,0,0,13,0,0,0,0,0,0,0
2024-07-18,BREAD,IHF,7,0,7,-3,0,0,10,0,0,0,0,0,0,0
2024-07-18,BREAD,H-RLS,2,3,5,2,0,3,0,0,0,0,0,0,0,0
2024-07-18,BREAD,FR-RLS,0,8,8,6,0,1,1,0,0,0,0,0,0,0
2024-07-18,BREAD,VS-RLS,0,0,0,-3,0,0,3,0,0,0,0,0,0,0
2024-07-18,BREAD,TEA CAKES,0,0,0,0,0,0,0,0,0,0,0,0,0,0
2024-07-18,BREAD,Blue Stru,4,3,7,2,2,3,0,0,0,0,0,0,0,0
2024-07-18,BREAD,Choc Carm,2,1,3,1,0,1,1,0,0,0,0,0,0,0
2024-07-18,BREAD,Straw Shortcake,7,0,7,7,0,0,0,0,0,0,0,0,0,0
2024-07-18,ROLLS,C-Rolls,0,60,60,56,0,4,0,0,0,0,0,0,0,0
2024-07-18,ROLLS,12 mini C-R,0,0,0,0,0,0,0,0,0,0,0,0,0,0
2024-07-18,ROLLS,24 mini C-R,0,0,0,0,0,0,0,0,0,0,0,0,0,0
2024-07-18,SCONES,Blueberry,0,14,14,12,0,2,0,0,6,6,0,0,0,0
2024-07-18,SCONES,Straw Rhubarb,0,0,0,0,0,0,0,0,0,0,0,0,0,0
2024-07-18,SCONES,Cherry,0,0,0,0,0,0,0,0,0,0,0,0,0,0
2024-07-18,SCONES,Butt Almond,0,0,0,0,0,0,0,0,0,0,0,0,0,0
2024-07-18,SCONES,Turtle,0,13,13,11,0,2,0,0,6,6,0,0,0,0
2024-07-18,SCONES,Cin Chip,0,0,0,0,0,0,0,0,0,0,0,0,0,0
2024-07-18,SCONES,FRUIT BAR,0,0,0,0,0,0,0,0,0,0,0,0,0,0
2024-07-18,SCONES,Triple berry,0,0,0,-1,0,1,0,0,0,0,0,0,0,0
2024-07-18,SCONES,cherry,0,0,0,0,0,0,0,0,0,0,0,0,0,0
2024-07-18,SCONES,apple cin,0,5,5,-1,0,6,0,0,0,0,0,0,0,0
2024-07-18,SCONES,Straw Rhub,0,5,5,1,0,4,0,0,0,0,0,0,0,0
2024-07-18,MUFFINS,Blue Stru,0,6,6,5,0,1,0,0,0,0,0,0,0,0
2024-07-18,MUFFINS,Choc Carm,0,4,4,3,0,1,0,0,5,5,0,0,0,0
2024-07-18,MUFFINS,straw short,0,5,5,2,0,3,0,0,5,5,0,0,0,0
2024-07-18,COOKIES/BARS,oat cc,37,42,79,27,44,7,1,0,0,0,0,0,0,0
2024-07-18,COOKIES/BARS,triple cc,26,54,80,1,44,14,21,0,0,0,0,0,0,0
2024-07-18,COOKIES/BARS,Snicker,51,24,75,2,45,22,6,0,0,0,0,0,0,0
2024-07-18,COOKIES/BARS,Frosted,8,30,38,-8,0,10,36,0,0,0,0,0,0,0
2024-07-18,COOKIES/BARS,Brownie,10,15,25,-9,0,8,26,0,0,0,0,0,0,0
2024-07-18,COOKIES/BARS,Lemon Bars,7,15,22,5,0,0,17,0,0,0,0,0,0,0
2024-07-18,COOKIES/BARS,Totals,0,292,431,106,133,85,107,0,22,22,0,0,0,0
2024-07-19,BREAD,H,17,45,62,19,34,0,9,0,0,0,0,0,0,0
2024-07-19,BREAD,FR,9,32,41,25,4,0,12,0,0,0,0,0,0,0
2024-07-19,BREAD,GW,0,11,11,9,2,0,0,0,0,0,0,0,0,0
2024-07-19,BREAD,DK,13,21,34,23,0,2,9,0,0,0,0,0,0,0
2024-07-19,BREAD,H5,7,0,7,5,0,0,2,0,0,0,0,0,0,0
2024-07-19,BREAD,CSWRL,3,20,23,17,0,0,6,4,8,12,8,0,0,4
2024-07-19,BREAD,CnE,3,22,25,21,0,0,4,2,8,10,9,0,0,1
2024-07-19,BREAD,CnR,0,9,9,9,0,0,0,0,0,0,0,0,0,0
2024-07-19,BREAD,RW,3,6,9,5,0,0,4,0,0,0,0,0,0,0
2024-07-19,BREAD,Monkey,0,12,12,7,0,0,5,0,0,0,-2,0,0,2
2024-07-19,BREAD,RWB,0,0,0,0,0,0,0,0,0,0,0,0,0,0
2024-07-19,BREAD,CG,13,6,19,13,0,0,6,3,8,11,9,0,0,2
2024-07-19,BREAD,Pest,5,12,17,12,0,0,5,0,0,0,0,0,0,0
2024-07-19,BREAD,jal,4,11,15,11,0,0,4,0,0,0,0,0,0,0
2024-07-19,BREAD,Cheetah,1,8,9,7,0,0,2,0,0,0,0,0,0,0
2024-07-19,BREAD,VS,10,0,10,4,0,0,6,4,0,4,2,0,0,2
2024-07-19,BREAD,sour-TL,19,13,32,31,0,1,0,0,0,0,0,0,0,0
2024-07-19,BREAD,OB,3,4,7,7,0,0,0,0,0,0,0,0,0,0
2024-07-19,BREAD,Pepp Roll,0,15,15,14,0,0,1,0,0,0,0,0,0,0
2024-07-19,BREAD,VS Pep Rl,15,0,15,15,0,0,0,0,0,0,0,0,0,0
2024-07-19,BREAD,CAR,13,0,13,13,0,0,0,0,0,0,0,0,0,0
2024-07-19,BREAD,IHF,10,0,10,10,0,0,0,0,0,0,0,0,0,0
2024-07-19,BREAD,H-RLS,0,8,8,8,0,0,0,0,0,0,0,0,0,0
2024-07-19,BREAD,FR-RLS,1,7,8,3,0,0,5,0,0,0,0,0,0,0
2024-07-19,BREAD,VS-RLS,3,0,3,1,0,0,2,0,0,0,0,0,0,0
2024-07-19,BREAD,TEA CAKES,0,0,0,0,0,0,0,0,0,0,0,0,0,0
2024-07-19,BREAD,Blue Stru,0,20,20,16,0,0,4,0,0,0,0,0,0,0
2024-07-19,BREAD,Choc Carm,1,8,9,5,0,1,3,0,0,0,0,0,0,0
2024-07-19,BREAD,Straw Shortcake,0,12,12,6,1,0,5,0,0,0,0,0,0,0
2024-07-19,ROLLS,C-Rolls,0,36,36,36,0,0,0,0,0,0,0,0,0,0
2024-07-19,ROLLS,12 mini C-R,0,0,0,0,0,0,0,0,0,0,0,0,0,0
2024-07-19,ROLLS,24 mini C-R,0,24,24,0,24,0,0,0,0,0,0,0,0,0
2024-07-19,SCONES,Blueberry,0,0,0,0,0,0,0,0,0,0,0,0,0,0
2024-07-19,SCONES,Straw Rhubarb,0,0,0,0,0,0,0,0,0,0,0,0,0,0
2024-07-19,SCONES,Cherry,0,17,17,8,0,9,0,0,0,0,0,0,0,0
2024-07-19,SCONES,Butt Almond,0,16,16,12,0,4,0,0,0,0,0,0,0,0
2024-07-19,SCONES,Turtle,0,0,0,0,0,0,0,0,0,0,0,0,0,0
2024-07-19,SCONES,Cin Chip,0,0,0,0,0,0,0,0,0,0,0,0,0,0
2024-07-19,SCONES,FRUIT BAR,0,0,0,0,0,0,0,0,0,0,0,0,0,0
2024-07-19,SCONES,Triple berry,0,10,10,10,0,0,0,0,0,0,0,0,0,0
2024-07-19,SCONES,cherry,0,10,10,10,0,0,0,0,0,0,0,0,0,0
2024-07-19,SCONES,apple cin,0,5,5,4,0,1,0,0,0,0,0,0,0,0
2024-07-19,SCONES,Straw Rhub,0,5,5,4,0,1,0,0,0,0,0,0,0,0
2024-07-19,MUFFINS,Blue Stru,0,5,5,4,0,1,0,0,0,0,0,0,0,0
2024-07-19,MUFFINS,Choc Carm,0,3,3,3,0,0,0,0,0,0,0,0,0,0
2024-07-19,MUFFINS,straw short,0,4,4,4,0,0,0,0,0,0,0,0,0,0
2024-07-19,COOKIES/BARS,oat cc,1,108,109,32,57,0,20,0,0,0,0,0,0,0
2024-07-19,COOKIES/BARS,triple cc,21,96,117,55,57,2,3,0,0,0,0,0,0,0
2024-07-19,COOKIES/BARS,Snicker,6,114,120,58,57,0,5,0,0,0,0,0,0,0
2024-07-19,COOKIES/BARS,Frosted,36,0,36,18,0,1,17,0,0,0,0,0,0,0
2024-07-19,COOKIES/BARS,Brownie,26,0,26,17,0,5,4,0,0,0,0,0,0,0
2024-07-19,COOKIES/BARS,Lemon Bars,17,30,47,32,0,2,13,0,0,0,0,0,0,0
2024-07-19,COOKIES/BARS,Totals,107,483,590,307,195,26,62,0,0,0,0,0,0,0
2024-07-20,BREAD,H,9,0,9,5,0,4,0,0,0,0,0,0,0,0
2024-07-20,BREAD,FR,12,0,12,8,0,4,0,0,0,0,0,0,0,0
2024-07-20,BREAD,GW,0,4,4,2,0,2,0,0,0,0,0,0,0,0
2024-07-20,BREAD,DK,9,0,9,6,0,3,0,0,0,0,0,0,0,0
2024-07-20,BREAD,H5,2,0,2,2,0,0,0,0,0,0,0,0,0,0
2024-07-20,BREAD,CSWRL,6,8,14,12,0,2,0,4,3,7,6,0,0,0
2024-07-20,BREAD,CnE,4,0,4,-2,0,6,0,1,0,1,0,0,0,0
2024-07-20,BREAD,CnR,0,0,0,-2,0,2,0,0,0,0,0,0,0,0
2024-07-20,BREAD,RW,4,0,4,1,0,3,0,0,0,0,0,0,0,0
2024-07-20,BREAD,Monkey,5,0,5,4,0,1,0,2,0,2,2,0,0,0
2024-07-20,BREAD,RWB,0,0,0,0,0,0,0,0,0,0,0,0,0,0
2024-07-20,BREAD,CG,6,0,6,0,0,6,0,2,0,2,-2,0,0,0
2024-07-20,BREAD,Pest,5,0,5,0,0,5,0,0,0,0,0,0,0,0
2024-07-20,BREAD,jal,4,0,4,4,0,0,0,0,0,0,0,0,0,0
2024-07-20,BREAD,Cheetah,2,0,2,0,0,2,0,0,0,0,0,0,0,0
2024-07-20,BREAD,VS,6,0,6,2,0,4,0,2,0,2,2,0,0,0
2024-07-20,BREAD,sour-TL,0,0,0,0,0,0,0,0,0,0,0,0,0,0
2024-07-20,BREAD,OB,0,0,0,-1,0,1,0,0,0,0,0,0,0,0
2024-07-20,BREAD,Pepp Roll,1,0,1,0,0,1,0,0,0,0,0,0,0,0
2024-07-20,BREAD,VS Pep Rl,0,0,0,0,0,0,0,0,0,0,0,0,0,0
2024-07-20,BREAD,CAR,0,0,0,0,0,0,0,0,0,0,0,0,0,0
2024-07-20,BREAD,IHF,0,0,0,0,0,0,0,0,0,0,0,0,0,0
2024-07-20,BREAD,H-RLS,0,0,0,0,0,0,0,0,0,0,0,0,0,0
2024-07-20,BREAD,FR-RLS,5,0,5,5,0,0,0,0,0,0,0,0,0,0
2024-07-20,BREAD,VS-RLS,2,0,2,2,0,0,0,0,0,0,0,0,0,0
2024-07-20,BREAD,TEA CAKES,0,0,0,0,0,0,0,0,0,0,0,0,0,0
2024-07-20,BREAD,Blue Stru,4,0,4,0,0,4,0,0,0,0,0,0,0,0
2024-07-20,BREAD,Choc Carm,3,0,3,-2,0,5,0,0,0,0,0,0,0,0
2024-07-20,BREAD,Straw Shortcake,5,0,5,4,0,1,0,0,0,0,0,0,0,0
2024-07-20,ROLLS,C-Rolls,0,120,120,70,0,50,0,0,0,0,0,0,0,0
2024-07-20,ROLLS,12 mini C-R,0,0,0,0,0,0,0,0,0,0,0,0,0,0
2024-07-20,ROLLS,24 mini C-R,0,0,0,0,0,0,0,0,0,0,0,0,0,0
2024-07-20,SCONES,Blueberry,0,37,37,29,0,8,0,0,0,0,0,0,0,0
2024-07-20,SCONES,Straw Rhubarb,0,0,0,0,0,0,0,0,0,0,0,0,0,0
2024-07-20,SCONES,Cherry,0,0,0,0,0,0,0,0,0,0,0,0,0,0
2024-07-20,SCONES,Butt Almond,0,29,29,23,0,6,0,0,0,0,0,0,0,0
2024-07-20,SCONES,Turtle,0,0,0,0,0,0,0,0,0,0,0,0,0,0
2024-07-20,SCONES,Cin Chip,0,0,0,0,0,0,0,0,0,0,0,0,0,0
2024-07-20,SCONES,FRUIT BAR,0,0,0,0,0,0,0,0,0,0,0,0,0,0
2024-07-20,SCONES,Triple berry,0,5,5,2,0,3,0,0,0,0,0,0,0,0
2024-07-20,SCONES,cherry,0,5,5,2,0,3,0,0,0,0,0,0,0,0
2024-07-20,SCONES,apple cin,0,5,5,3,0,2,0,0,0,0,0,0,0,0
2024-07-20,SCONES,Straw Rhub,0,5,5,3,0,2,0,0,0,0,0,0,0,0
2024-07-20,MUFFINS,Blue Stru,0,13,13,7,0,6,0,0,0,0,0,0,0,0
2024-07-20,MUFFINS,Choc Carm,0,8,8,8,0,0,0,0,0,0,0,0,0,0
2024-07-20,MUFFINS,straw short,0,9,9,6,0,3,0,0,0,0,0,0,0,0
2024-07-20,COOKIES/BARS,oat cc,20,0,20,1,0,19,0,0,0,0,0,0,0,0
2024-07-20,COOKIES/BARS,triple cc,3,18,21,18,0,3,0,0,0,0,0,0,0,0
2024-07-20,COOKIES/BARS,Snicker,5,18,23,-4,0,27,0,0,0,0,0,0,0,0
2024-07-20,COOKIES/BARS,Frosted,17,0,17,8,0,9,0,0,0,0,0,0,0,0
2024-07-20,COOKIES/BARS,Brownie,4,15,19,-6,0,10,15,0,0,0,0,0,0,0
2024-07-20,COOKIES/BARS,Lemon Bars,13,15,28,13,0,0,15,0,0,0,0,0,0,0
2024-07-20,COOKIES/BARS,Totals,62,302,364,183,0,151,30,0,0,0,0,0,0,0
2024-07-21,BREAD,H,0,0,0,0,0,0,0,0,0,0,0,0,0,0
2024-07-21,BREAD,FR,0,0,0,0,0,0,0,0,0,0,0,0,0,0
2024-07-21,BREAD,GW,0,0,0,0,0,0,0,0,0,0,0,0,0,0
2024-07-21,BREAD,DK,0,0,0,0,0,0,0,0,0,0,0,0,0,0
2024-07-21,BREAD,H5,0,0,0,0,0,0,0,0,0,0,0,0,0,0
2024-07-21,BREAD,CSWRL,0,0,0,0,0,0,0,0,0,0,0,0,0,0
2024-07-21,BREAD,CnE,0,0,0,0,0,0,0,0,0,0,0,0,0,0
2024-07-21,BREAD,CnR,0,0,0,0,0,0,0,0,0,0,0,0,0,0
2024-07-21,BREAD,RW,0,0,0,0,0,0,0,0,0,0,0,0,0,0
2024-07-21,BREAD,Monkey,0,0,0,0,0,0,0,0,0,0,0,0,0,0
2024-07-21,BREAD,RWB,0,0,0,0,0,0,0,0,0,0,0,0,0,0
2024-07-21,BREAD,CG,0,0,0,0,0,0,0,0,0,0,0,0,0,0
2024-07-21,BREAD,Pest,0,0,0,0,0,0,0,0,0,0,0,0,0,0
2024-07-21,BREAD,jal,0,0,0,0,0,0,0,0,0,0,0,0,0,0
2024-07-21,BREAD,Cheetah,0,0,0,0,0,0,0,0,0,0,0,0,0,0
2024-07-21,BREAD,VS,0,0,0,0,0,0,0,0,0,0,0,0,0,0
2024-07-21,BREAD,sour-TL,0,0,0,0,0,0,0,0,0,0,0,0,0,0
2024-07-21,BREAD,OB,0,0,0,0,0,0,0,0,0,0,0,0,0,0
2024-07-21,BREAD,Pepp Roll,0,0,0,0,0,0,0,0,0,0,0,0,0,0
2024-07-21,BREAD,VS Pep Rl,0,0,0,0,0,0,0,0,0,0,0,0,0,0
2024-07-21,BREAD,CAR,0,0,0,0,0,0,0,0,0,0,0,0,0,0
2024-07-21,BREAD,IHF,0,0,0,0,0,0,0,0,0,0,0,0,0,0
2024-07-21,BREAD,H-RLS,0,0,0,0,0,0,0,0,0,0,0,0,0,0
2024-07-21,BREAD,FR-RLS,0,0,0,0,0,0,0,0,0,0,0,0,0,0
2024-07-21,BREAD,VS-RLS,0,0,0,0,0,0,0,0,0,0,0,0,0,0
2024-07-21,BREAD,TEA CAKES,0,0,0,0,0,0,0,0,0,0,0,0,0,0
2024-07-21,BREAD,Blue Stru,0,0,0,0,0,0,0,0,0,0,0,0,0,0
2024-07-21,BREAD,Choc Carm,0,0,0,0,0,0,0,0,0,0,0,0,0,0
2024-07-21,BREAD,Straw Shortcake,0,0,0,0,0,0,0,0,0,0,0,0,0,0
2024-07-21,ROLLS,C-Rolls,0,0,0,0,0,0,0,0,0,0,0,0,0,0
2024-07-21,ROLLS,12 mini C-R,0,0,0,0,0,0,0,0,0,0,0,0,0,0
2024-07-21,ROLLS,24 mini C-R,0,0,0,0,0,0,0,0,0,0,0,0,0,0
2024-07-21,SCONES,Blueberry,0,0,0,0,0,0,0,0,0,0,0,0,0,0
2024-07-21,SCONES,Straw Rhubarb,0,0,0,0,0,0,0,0,0,0,0,0,0,0
2024-07-21,SCONES,Cherry,0,0,0,0,0,0,0,0,0,0,0,0,0,0
2024-07-21,SCONES,Butt Almond,0,0,0,0,0,0,0,0,0,0,0,0,0,0
2024-07-21,SCONES,Turtle,0,0,0,0,0,0,0,0,0,0,0,0,0,0
2024-07-21,SCONES,Cin Chip,0,0,0,0,0,0,0,0,0,0,0,0,0,0
2024-07-21,SCONES,FRUIT BAR,0,0,0,0,0,0,0,0,0,0,0,0,0,0
2024-07-21,SCONES,Triple berry,0,0,0,0,0,0,0,0,0,0,0,0,0,0
2024-07-21,SCONES,cherry,0,0,0,0,0,0,0,0,0,0,0,0,0,0
2024-07-21,SCONES,apple cin,0,0,0,0,0,0,0,0,0,0,0,0,0,0
2024-07-21,SCONES,Straw Rhub,0,0,0,0,0,0,0,0,0,0,0,0,0,0
2024-07-21,MUFFINS,Blue Stru,0,0,0,0,0,0,0,0,0,0,0,0,0,0
2024-07-21,MUFFINS,Choc Carm,0,0,0,0,0,0,0,0,0,0,0,0,0,0
2024-07-21,MUFFINS,straw short,0,0,0,0,0,0,0,0,0,0,0,0,0,0
2024-07-21,COOKIES/BARS,oat cc,0,0,0,0,0,0,0,0,0,0,0,0,0,0
2024-07-21,COOKIES/BARS,triple cc,0,0,0,0,0,0,0,0,0,0,0,0,0,0
2024-07-21,COOKIES/BARS,Snicker,0,0,0,0,0,0,0,0,0,0,0,0,0,0
2024-07-21,COOKIES/BARS,Frosted,0,0,0,0,0,0,0,0,0,0,0,0,0,0
2024-07-21,COOKIES/BARS,Brownie,15,0,15,0,0,0,15,0,0,0,0,0,0,0
2024-07-21,COOKIES/BARS,Lemon Bars,15,0,15,0,0,0,15,0,0,0,0,0,0,0
2024-07-21,COOKIES/BARS,Totals,30,0,30,0,0,0,30,0,0,0,0,0,0,0
2024-07-22,BREAD,H,0,26,26,9,0,0,17,0,0,0,0,0,0,0
2024-07-22,BREAD,FR,0,47,47,9,34,0,4,0,0,0,0,0,0,0
2024-07-22,BREAD,GW,0,8,8,7,0,0,1,0,0,0,0,0,0,0
2024-07-22,BREAD,DK,0,21,21,4,0,0,17,0,0,0,0,0,0,0
2024-07-22,BREAD,H5,0,0,0,0,0,0,0,0,0,0,0,0,0,0
2024-07-22,BREAD,CSWRL,0,20,20,7,0,0,13,0,7,7,4,0,0,3
2024-07-22,BREAD,CnE,0,8,8,6,0,0,2,0,3,3,3,0,0,0
2024-07-22,BREAD,CnR,0,3,3,3,0,0,0,0,0,0,0,0,0,0
2024-07-22,BREAD,RW,0,3,3,2,0,0,1,0,0,0,0,0,0,0
2024-07-22,BREAD,Monkey,0,3,3,1,0,0,2,0,0,0,0,0,0,0
2024-07-22,BREAD,RWB,0,0,0,0,0,0,0,0,0,0,0,0,0,0
2024-07-22,BREAD,CG,0,6,6,1,0,0,5,0,3,3,2,0,0,1
2024-07-22,BREAD,Pest,0,3,3,2,0,0,1,0,0,0,0,0,0,0
2024-07-22,BREAD,jal,0,3,3,0,0,0,3,0,0,0,0,0,0,0
2024-07-22,BREAD,Cheetah,0,3,3,1,0,0,2,0,0,0,0,0,0,0
2024-07-22,BREAD,VS,0,0,0,0,0,0,0,0,0,0,0,0,0,0
2024-07-22,BREAD,sour-TL,0,22,22,7,7,0,8,0,0,0,0,0,0,0
2024-07-22,BREAD,OB,0,3,3,2,0,0,1,0,0,0,0,0,0,0
2024-07-22,BREAD,Pepp Roll,0,5,5,2,0,0,3,0,0,0,0,0,0,0
2024-07-22,BREAD,VS Pep Rl,0,0,0,0,0,0,0,0,0,0,0,0,0,0
2024-07-22,BREAD,CAR,0,0,0,-11,0,0,11,0,0,0,0,0,0,0
2024-07-22,BREAD,IHF,0,17,17,-5,0,0,22,0,0,0,0,0,0,0
2024-07-22,BREAD,H-RLS,0,2,2,0,0,0,2,0,0,0,0,0,0,0
2024-07-22,BREAD,FR-RLS,0,3,3,1,0,0,2,0,0,0,0,0,0,0
2024-07-22,BREAD,VS-RLS,0,0,0,0,0,0,0,0,0,0,0,0,0,0
2024-07-22,BREAD,TEA CAKES,0,0,0,0,0,0,0,0,0,0,0,0,0,0
2024-07-22,BREAD,Blue Stru,0,5,5,3,0,0,2,0,0,0,0,0,0,0
2024-07-22,BREAD,Choc Carm,0,3,3,2,0,0,1,0,0,0,0,0,0,0
2024-07-22,BREAD,Straw Shortcake,0,4,4,2,0,0,2,0,0,0,0,0,0,0
2024-07-22,ROLLS,C-Rolls,0,24,24,24,0,0,0,0,0,0,0,0,0,0
2024-07-22,ROLLS,12 mini C-R,0,0,0,0,0,0,0,0,0,0,0,0,0,0
2024-07-22,ROLLS,24 mini C-R,0,0,0,0,0,0,0,0,0,0,0,0,0,0
2024-07-22,SCONES,Blueberry,0,0,0,0,0,0,0,0,0,0,0,0,0,0
2024-07-22,SCONES,Straw Rhubarb,0,11,11,6,0,5,0,0,0,0,0,0,0,0
2024-07-22,SCONES,Cherry,0,0,0,0,0,0,0,0,0,0,0,0,0,0
2024-07-22,SCONES,Butt Almond,0,0,0,0,0,0,0,0,0,0,0,0,0,0
2024-07-22,SCONES,Turtle,0,0,0,0,0,0,0,0,0,0,0,0,0,0
2024-07-22,SCONES,Cin Chip,0,10,10,7,0,3,0,0,0,0,0,0,0,0
2024-07-22,SCONES,FRUIT BAR,0,0,0,0,0,0,0,0,0,0,0,0,0,0
2024-07-22,SCONES,Triple berry,0,5,5,4,0,1,0,0,0,0,0,0,0,0
2024-07-22,SCONES,cherry,0,5,5,5,0,0,0,0,0,0,0,0,0,0
2024-07-22,SCONES,apple cin,0,0,0,0,0,0,0,0,0,0,0,0,0,0
2024-07-22,SCONES,Straw Rhub,0,0,0,0,0,0,0,0,0,0,0,0,0,0
2024-07-22,MUFFINS,Blue Stru,0,4,4,4,0,0,0,0,0,0,0,0,0,0
2024-07-22,MUFFINS,Choc Carm,0,2,2,1,0,1,0,0,0,0,0,0,0,0
2024-07-22,MUFFINS,straw short,0,3,3,2,0,1,0,0,0,0,0,0,0,0
2024-07-22,COOKIES/BARS,oat cc,0,30,30,20,0,0,10,0,0,0,0,0,0,0
2024-07-22,COOKIES/BARS,triple cc,0,30,30,14,0,0,16,0,0,0,0,0,0,0
2024-07-22,COOKIES/BARS,Snicker,0,30,30,21,0,0,9,0,0,0,0,0,0,0
2024-07-22,COOKIES/BARS,Frosted,0,12,12,4,0,0,8,0,0,0,0,0,0,0
2024-07-22,COOKIES/BARS,Brownie,15,0,15,2,0,0,13,0,0,0,0,0,0,0
2024-07-22,COOKIES/BARS,Lemon Bars,15,0,15,6,0,0,9,0,0,0,0,0,0,0
2024-07-22,COOKIES/BARS,Totals,30,166,196,120,0,11,65,0,0,0,0,0,0,0
2024-07-23,BREAD,H,17,31,48,0,9,0,39,0,0,0,0,0,0,0
2024-07-23,BREAD,FR,4,32,36,9,0,0,27,0,0,0,0,0,0,0
2024-07-23,BREAD,GW,1,8,9,1,0,0,8,0,0,0,0,0,0,0
2024-07-23,BREAD,DK,17,0,17,7,0,0,10,0,0,0,0,0,0,0
2024-07-23,BREAD,H5,0,17,17,5,1,0,11,0,0,0,0,0,0,0
2024-07-23,BREAD,CSWRL,13,6,19,10,1,6,2,3,3,6,1,0,0,3
2024-07-23,BREAD,CnE,2,18,20,8,0,0,12,0,7,7,1,0,0,6
2024-07-23,BREAD,CnR,0,9,9,2,0,0,7,0,0,0,0,0,0,0
2024-07-23,BREAD,RW,1,6,7,2,0,0,5,0,0,0,0,0,0,0
2024-07-23,BREAD,Monkey,2,0,2,-1,0,0,3,0,0,0,0,0,0,0
2024-07-23,BREAD,RWB,0,0,0,0,0,0,0,0,0,0,0,0,0,0
2024-07-23,BREAD,CG,5,0,5,3,0,2,0,1,0,1,1,0,0,0
2024-07-23,BREAD,Pest,1,0,1,1,0,0,0,0,0,0,0,0,0,0
2024-07-23,BREAD,jal,3,0,3,2,0,1,0,0,0,0,0,0,0,0
2024-07-23,BREAD,Cheetah,2,0,2,2,0,0,0,0,0,0,0,0,0,0
2024-07-23,BREAD,VS,0,12,12,2,0,0,10,0,6,6,0,0,0,6
2024-07-23,BREAD,sour-TL,8,14,22,5,0,0,17,0,0,0,0,0,0,0
2024-07-23,BREAD,OB,1,3,4,1,0,0,3,0,0,0,0,0,0,0
2024-07-23,BREAD,Pepp Roll,3,4,7,3,0,0,4,0,0,0,0,0,0,0
2024-07-23,BREAD,VS Pep Rl,0,12,12,1,0,0,11,0,0,0,0,0,0,0
2024-07-23,BREAD,CAR,11,0,11,0,0,0,11,0,0,0,0,0,0,0
2024-07-23,BREAD,IHF,22,0,22,3,0,0,19,0,0,0,0,0,0,0
2024-07-23,BREAD,H-RLS,2,0,2,1,0,1,0,0,0,0,0,0,0,0
2024-07-23,BREAD,FR-RLS,2,0,2,2,0,0,0,0,0,0,0,0,0,0
2024-07-23,BREAD,VS-RLS,0,8,8,1,0,0,7,0,0,0,0,0,0,0
2024-07-23,BREAD,TEA CAKES,0,0,0,0,0,0,0,0,0,0,0,0,0,0
2024-07-23,BREAD,Blue Stru,2,6,8,4,3,0,1,0,0,0,0,0,0,0
2024-07-23,BREAD,Choc Carm,1,4,5,0,2,1,2,0,0,0,0,0,0,0
2024-07-23,BREAD,Apple Crunch,2,6,8,6,0,2,0,0,0,0,0,0,0,0
2024-07-23,ROLLS,C-Rolls,0,24,24,24,0,0,0,0,0,0,0,0,0,0
2024-07-23,ROLLS,12 mini C-R,0,0,0,0,0,0,0,0,0,0,0,0,0,0
2024-07-23,ROLLS,24 mini C-R,0,0,0,0,0,0,0,0,0,0,0,0,0,0
2024-07-23,SCONES,Blueberry,0,13,13,13,0,0,0,0,8,8,1,0,0,0
2024-07-23,SCONES,Straw Rhubarb,0,0,0,0,0,0,0,0,0,0,0,0,0,0
2024-07-23,SCONES,Cherry,0,0,0,0,0,0,0,0,0,0,0,0,0,0
2024-07-23,SCONES,Butt Almond,0,0,0,0,0,0,0,0,0,0,0,0,0,0
2024-07-23,SCONES,Turtle,0,0,0,0,0,0,0,0,0,0,0,0,0,0
2024-07-23,SCONES,Cin Chip,0,13,13,9,0,4,0,0,8,8,1,0,0,0
2024-07-23,SCONES,FRUIT BAR,0,0,0,0,0,0,0,0,0,0,0,0,0,0
2024-07-23,SCONES,Triple berry,0,5,5,0,4,1,0,0,0,0,0,0,0,0
2024-07-23,SCONES,cherry,0,5,5,1,3,1,0,0,0,0,0,0,0,0
2024-07-23,SCONES,apple cin,0,10,10,3,3,4,0,0,0,0,0,0,0,0
2024-07-23,SCONES,Straw Rhub,0,10,10,3,3,4,0,0,0,0,0,0,0,0
2024-07-23,MUFFINS,Blue Stru,0,4,4,4,0,0,0,0,0,0,0,0,0,0
2024-07-23,MUFFINS,Choc Carm,0,3,3,2,0,1,0,0,10,10,3,0,0,0
2024-07-23,MUFFINS,Apple Crunch,0,6,6,2,0,4,0,0,10,10,3,0,0,0
2024-07-23,COOKIES/BARS,oat cc,10,24,34,2,0,8,24,0,6,6,0,0,0,0
2024-07-23,COOKIES/BARS,triple cc,16,18,34,12,0,6,16,0,6,6,0,0,0,0
2024-07-23,COOKIES/BARS,Snicker,9,24,33,12,0,0,21,0,8,8,0,0,0,0
2024-07-23,COOKIES/BARS,Frosted,8,18,26,6,0,0,20,0,0,0,0,0,0,0
2024-07-23,COOKIES/BARS,Brownie,13,30,43,3,3,0,37,0,0,0,0,0,0,0
2024-07-23,COOKIES/BARS,Lemon Bars,9,30,39,5,4,0,30,0,0,0,0,0,0,0
2024-07-23,COOKIES/BARS,Totals,65,237,302,101,20,33,148,0,56,56,8,0,0,0
2024-07-24,BREAD,H,39,10,49,19,10,11,9,0,0,0,0,0,0,0
2024-07-24,BREAD,FR,27,8,35,15,1,0,19,0,0,0,0,0,0,0
2024-07-24,BREAD,GW,8,8,16,3,0,0,13,0,0,0,0,0,0,0
2024-07-24,BREAD,DK,10,21,31,12,0,0,19,0,0,0,0,0,0,0
2024-07-24,BREAD,H5,11,0,11,5,0,0,6,0,0,0,0,0,0,0
2024-07-24,BREAD,CSWRL,2,24,26,18,2,0,6,3,11,14,10,0,0,2
2024-07-24,BREAD,CnE,12,9,21,7,0,0,14,6,4,10,5,0,0,4
2024-07-24,BREAD,CnR,7,4,11,6,0,0,5,0,0,0,0,0,0,0
2024-07-24,BREAD,RW,5,6,11,3,2,0,6,0,0,0,0,0,0,0
2024-07-24,BREAD,Monkey,3,6,9,6,0,0,3,0,0,0,0,0,0,0
2024-07-24,BREAD,RWB,0,0,0,0,0,0,0,0,0,0,0,0,0,0
2024-07-24,BREAD,CG,0,11,11,2,0,0,9,0,7,7,5,0,0,2
2024-07-24,BREAD,Pest,0,8,8,6,0,0,2,0,0,0,0,0,0,0
2024-07-24,BREAD,jal,0,9,9,5,0,0,4,0,0,0,0,0,0,0
2024-07-24,BREAD,Cheetah,0,8,8,6,0,0,2,0,0,0,0,0,0,0
2024-07-24,BREAD,VS,10,0,10,9,0,1,0,6,0,6,5,0,0,0
2024-07-24,BREAD,sour-TL,17,0,17,4,0,0,13,0,0,0,0,0,0,0
2024-07-24,BREAD,OB,3,6,9,5,0,0,4,0,0,0,0,0,0,0
2024-07-24,BREAD,Pepp Roll,4,9,13,8,0,0,5,0,0,0,0,0,0,0
2024-07-24,BREAD,VS Pep Rl,11,0,11,8,0,3,0,0,0,0,0,0,0,0
2024-07-24,BREAD,CAR,11,0,11,3,0,0,8,0,0,0,0,0,0,0
2024-07-24,BREAD,IHF,19,0,19,1,0,0,18,0,0,0,0,0,0,0
2024-07-24,BREAD,H-RLS,0,6,6,4,0,0,2,0,0,0,0,0,0,0
2024-07-24,BREAD,FR-RLS,0,4,4,2,0,0,2,0,0,0,0,0,0,0
2024-07-24,BREAD,VS-RLS,7,0,7,4,0,3,0,0,0,0,0,0,0,0
2024-07-24,BREAD,TEA CAKES,0,0,0,0,0,0,0,0,0,0,0,0,0,0
2024-07-24,BREAD,Blue Stru,1,19,20,17,2,0,1,0,0,0,0,0,0,0
2024-07-24,BREAD,Choc Carm,2,6,8,7,0,0,1,0,0,0,0,0,0,0
2024-07-24,BREAD,Apple Crunch,0,12,12,9,0,0,3,0,0,0,0,0,0,0
2024-07-24,ROLLS,C-Rolls,0,84,84,54,10,20,0,0,0,0,0,0,0,0
2024-07-24,ROLLS,12 mini C-R,0,0,0,0,0,0,0,0,0,0,0,0,0,0
2024-07-24,ROLLS,24 mini C-R,0,0,0,0,0,0,0,0,0,0,0,0,0,0
2024-07-24,SCONES,Blueberry,0,0,0,0,0,0,0,0,0,0,0,0,0,0
2024-07-24,SCONES,Straw Rhubarb,0,19,19,15,0,4,0,0,6,6,0,0,0,0
2024-07-24,SCONES,Cherry,0,0,0,0,0,0,0,0,0,0,0,0,0,0
2024-07-24,SCONES,Butt Almond,0,0,0,0,0,0,0,0,0,0,0,0,0,0
2024-07-24,SCONES,Turtle,0,19,19,13,0,6,0,0,6,6,0,0,0,0
2024-07-24,SCONES,Cin Chip,0,0,0,0,0,0,0,0,0,0,0,0,0,0
2024-07-24,SCONES,FRUIT BAR,0,0,0,0,0,0,0,0,0,0,0,0,0,0
2024-07-24,SCONES,Triple berry,0,10,10,8,0,2,0,0,0,0,0,0,0,0
2024-07-24,SCONES,cherry,0,10,10,5,0,5,0,0,0,0,0,0,0,0
2024-07-24,SCONES,apple cin,0,5,5,3,0,2,0,0,0,0,0,0,0,0
2024-07-24,SCONES,Straw Rhub,0,5,5,2,0,3,0,0,0,0,0,0,0,0
2024-07-24,MUFFINS,Blue Stru,0,10,10,5,0,5,0,0,0,0,0,0,0,0
2024-07-24,MUFFINS,Choc Carm,0,7,7,3,0,4,0,0,5,5,0,0,0,0
2024-07-24,MUFFINS,Apple Crunch,0,8,8,5,0,3,0,0,5,5,0,0,0,0
2024-07-24,COOKIES/BARS,oat cc,24,72,96,62,18,5,11,0,0,0,0,0,0,0
2024-07-24,COOKIES/BARS,triple cc,16,102,118,71,19,0,28,0,0,0,0,0,0,0
2024-07-24,COOKIES/BARS,Snicker,21,90,111,53,19,0,39,0,0,0,0,0,0,0
2024-07-24,COOKIES/BARS,Frosted,20,30,50,31,0,0,19,0,0,0,0,0,0,0
2024-07-24,COOKIES/BARS,Brownie,37,30,67,35,0,0,32,0,0,0,0,0,0,0
2024-07-24,COOKIES/BARS,Lemon Bars,30,30,60,33,0,4,23,0,0,0,0,0,0,0
2024-07-24,COOKIES/BARS,Totals,148,531,679,398,66,63,152,0,22,22,0,0,0,0
2024-07-25,BREAD,H,9,25,34,10,0,2,22,0,0,0,0,0,0,0
2024-07-25,BREAD,FR,19,26,45,5,15,0,25,0,0,0,0,0,0,0
2024-07-25,BREAD,GW,13,6,19,2,0,11,6,0,0,0,0,0,0,0
2024-07-25,BREAD,DK,19,0,19,8,0,0,11,0,0,0,0,0,0,0
2024-07-25,BREAD,H5,6,18,24,4,0,3,17,0,0,0,0,0,0,0
2024-07-25,BREAD,CSWRL,6,12,18,16,0,1,1,2,5,7,5,0,0,1
2024-07-25,BREAD,CnE,14,0,14,9,0,5,0,4,0,4,2,0,0,0
2024-07-25,BREAD,CnR,5,0,5,2,0,3,0,0,0,0,0,0,0,0
2024-07-25,BREAD,RW,6,0,6,3,0,3,0,0,0,0,0,0,0,0
2024-07-25,BREAD,Monkey,3,0,3,1,0,2,0,0,0,0,0,0,0,0
2024-07-25,BREAD,RWB,0,0,0,0,0,0,0,0,0,0,0,0,0,0
2024-07-25,BREAD,CG,9,0,9,2,0,7,0,2,0,2,1,0,0,0
2024-07-25,BREAD,Pest,2,0,2,0,0,2,0,0,0,0,0,0,0,0
2024-07-25,BREAD,jal,4,0,4,0,0,4,0,0,0,0,0,0,0,0
2024-07-25,BREAD,Cheetah,2,0,2,0,0,2,0,0,0,0,0,0,0,0
2024-07-25,BREAD,VS,0,11,11,1,0,5,5,0,6,6,-4,0,0,6
2024-07-25,BREAD,sour-TL,13,0,13,6,0,0,7,0,0,0,0,0,0,0
2024-07-25,BREAD,OB,4,0,4,2,0,0,2,0,0,0,0,0,0,0
2024-07-25,BREAD,Pepp Roll,5,0,5,3,0,2,0,0,0,0,0,0,0,0
2024-07-25,BREAD,VS Pep Rl,0,21,21,2,0,4,15,0,0,0,0,0,0,0
2024-07-25,BREAD,CAR,8,0,8,0,0,0,8,0,0,0,0,0,0,0
2024-07-25,BREAD,IHF,18,0,18,3,0,0,15,0,0,0,0,0,0,0
2024-07-25,BREAD,H-RLS,2,2,4,1,0,1,2,0,0,0,0,0,0,0
2024-07-25,BREAD,FR-RLS,2,0,2,-1,0,3,0,0,0,0,0,0,0,0
2024-07-25,BREAD,VS-RLS,0,8,8,-2,0,4,6,0,0,0,0,0,0,0
2024-07-25,BREAD,TEA CAKES,0,0,0,0,0,0,0,0,0,0,0,0,0,0
2024-07-25,BREAD,Blue Stru,1,4,5,4,0,1,0,0,0,0,0,0,0,0
2024-07-25,BREAD,Choc Carm,1,2,3,3,0,0,0,0,0,0,0,0,0,0
2024-07-25,BREAD,Apple Crunch,3,3,6,5,0,1,0,0,0,0,0,0,0,0
2024-07-25,ROLLS,C-Rolls,0,60,60,60,0,0,0,0,0,0,0,0,0,0
2024-07-25,ROLLS,12 mini C-R,0,0,0,0,0,0,0,0,0,0,0,0,0,0
2024-07-25,ROLLS,24 mini C-R,0,0,0,0,0,0,0,0,0,0,0,0,0,0
2024-07-25,SCONES,Blueberry,0,17,17,12,0,5,0,0,0,0,0,0,0,0
2024-07-25,SCONES,Straw Rhubarb,0,0,0,0,0,0,0,0,0,0,0,0,0,0
2024-07-25,SCONES,Cherry,0,0,0,0,0,0,0,0,0,0,0,0,0,0
2024-07-25,SCONES,Butt Almond,0,0,0,0,0,0,0,0,0,0,0,0,0,0
2024-07-25,SCONES,Turtle,0,16,16,10,0,6,0,0,0,0,0,0,0,0
2024-07-25,SCONES,Cin Chip,0,0,0,0,0,0,0,0,0,0,0,0,0,0
2024-07-25,SCONES,FRUIT BAR,0,0,0,0,0,0,0,0,0,0,0,0,0,0
2024-07-25,SCONES,Triple berry,0,0,0,-2,0,2,0,0,0,0,0,0,0,0
2024-07-25,SCONES,cherry,0,0,0,-6,0,6,0,0,0,0,0,0,0,0
2024-07-25,SCONES,apple cin,0,5,5,0,0,5,0,0,0,0,0,0,0,0
2024-07-25,SCONES,Straw Rhub,0,5,5,0,0,5,0,0,0,0,0,0,0,0
2024-07-25,MUFFINS,Blue Stru,0,6,6,3,0,3,0,0,0,0,0,0,0,0
2024-07-25,MUFFINS,Choc Carm,0,5,5,5,0,0,0,0,0,0,0,0,0,0
2024-07-25,MUFFINS,Apple Crunch,0,7,7,4,0,3,0,0,0,0,0,0,0,0
2024-07-25,COOKIES/BARS,oat cc,11,24,35,27,0,0,8,0,0,0,0,0,0,0
2024-07-25,COOKIES/BARS,triple cc,28,6,34,22,0,6,6,0,0,0,0,0,0,0
2024-07-25,COOKIES/BARS,Snicker,39,0,39,26,0,13,0,0,0,0,0,0,0,0
2024-07-25,COOKIES/BARS,Frosted,19,18,37,-10,0,15,32,0,0,0,0,0,0,0
2024-07-25,COOKIES/BARS,Brownie,32,0,32,-7,0,32,7,0,0,0,0,0,0,0
2024-07-25,COOKIES/BARS,Lemon Bars,23,0,23,-8,0,24,7,0,0,0,0,0,0,0
2024-07-25,COOKIES/BARS,Totals,152,169,321,136,0,125,60,0,0,0,0,0,0,0
2024-07-26,BREAD,H,22,16,38,29,0,0,9,0,0,0,0,0,0,0
2024-07-26,BREAD,FR,25,13,38,26,0,0,12,0,0,0,0,0,0,0
2024-07-26,BREAD,GW,6,8,14,9,0,0,5,0,0,0,0,0,0,0
2024-07-26,BREAD,DK,11,16,27,22,0,0,5,0,0,0,0,0,0,0
2024-07-26,BREAD,H5,17,0,17,13,0,0,4,0,0,0,0,0,0,0
2024-07-26,BREAD,CSWRL,1,24,25,18,4,0,3,1,11,12,8,0,0,4
2024-07-26,BREAD,CnE,0,13,13,9,1,0,3,0,9,9,9,0,0,0
2024-07-26,BREAD,CnR,0,18,18,6,8,0,4,0,0,0,0,0,0,0
2024-07-26,BREAD,RW,0,7,7,5,0,0,2,0,0,0,0,0,0,0
2024-07-26,BREAD,Monkey,0,10,10,7,0,0,3,0,0,0,0,0,0,0
2024-07-26,BREAD,RWB,0,0,0,0,0,0,0,0,0,0,0,0,0,0
2024-07-26,BREAD,CG,0,9,9,4,1,0,4,0,8,8,4,0,0,4
2024-07-26,BREAD,Pest,0,9,9,7,0,0,2,0,0,0,0,0,0,0
2024-07-26,BREAD,jal,0,11,11,9,0,0,2,0,0,0,0,0,0,0
2024-07-26,BREAD,Cheetah,0,6,6,4,0,0,2,0,0,0,0,0,0,0
2024-07-26,BREAD,VS,5,0,5,4,0,0,1,6,0,6,5,0,0,1
2024-07-26,BREAD,sour-TL,7,37,44,32,0,0,12,0,0,0,0,0,0,0
2024-07-26,BREAD,OB,2,4,6,6,0,0,0,0,0,0,0,0,0,0
2024-07-26,BREAD,Pepp Roll,0,15,15,14,0,0,1,0,0,0,0,0,0,0
2024-07-26,BREAD,VS Pep Rl,15,0,15,15,0,0,0,0,0,0,0,0,0,0
2024-07-26,BREAD,CAR,8,0,8,8,0,0,0,0,0,0,0,0,0,0
2024-07-26,BREAD,IHF,15,0,15,15,0,0,0,0,0,0,0,0,0,0
2024-07-26,BREAD,H-RLS,2,6,8,3,0,0,5,0,0,0,0,0,0,0
2024-07-26,BREAD,FR-RLS,0,9,9,5,0,0,4,0,0,0,0,0,0,0
2024-07-26,BREAD,VS-RLS,6,0,6,4,0,0,2,0,0,0,0,0,0,0
2024-07-26,BREAD,TEA CAKES,0,0,0,0,0,0,0,0,0,0,0,0,0,0
2024-07-26,BREAD,Blue Stru,0,24,24,20,3,0,1,0,0,0,0,0,0,0
2024-07-26,BREAD,Choc Carm,0,9,9,5,0,0,4,0,0,0,0,0,0,0
2024-07-26,BREAD,Apple Crunch,0,10,10,6,0,0,4,0,0,0,0,0,0,0
2024-07-26,ROLLS,C-Rolls,0,36,36,23,0,13,0,0,0,0,0,0,0,0
2024-07-26,ROLLS,12 mini C-R,0,0,0,0,0,0,0,0,0,0,0,0,0,0
2024-07-26,ROLLS,24 mini C-R,0,24,24,0,24,0,0,0,0,0,0,0,0,0
2024-07-26,SCONES,Blueberry,0,0,0,0,0,0,0,0,0,0,0,0,0,0
2024-07-26,SCONES,Straw Rhubarb,0,0,0,0,0,0,0,0,0,0,0,0,0,0
2024-07-26,SCONES,Cherry,0,12,12,8,0,4,0,0,9,9,0,0,0,0
2024-07-26,SCONES,Butt Almond,0,12,12,12,0,0,0,0,9,9,0,0,0,0
2024-07-26,SCONES,Turtle,0,0,0,0,0,0,0,0,0,0,0,0,0,0
2024-07-26,SCONES,Cin Chip,0,0,0,0,0,0,0,0,0,0,0,0,0,0
2024-07-26,SCONES,FRUIT BAR,0,0,0,0,0,0,0,0,0,0,0,0,0,0
2024-07-26,SCONES,Triple berry,0,10,10,7,2,1,0,0,0,0,0,0,0,0
2024-07-26,SCONES,cherry,0,10,10,8,1,1,0,0,0,0,0,0,0,0
2024-07-26,SCONES,apple cin,0,5,5,3,2,0,0,0,0,0,0,0,0,0
2024-07-26,SCONES,Straw Rhub,0,5,5,3,2,0,0,0,0,0,0,0,0,0
2024-07-26,MUFFINS,Blue Stru,0,5,5,4,0,1,0,0,0,0,0,0,0,0
2024-07-26,MUFFINS,Choc Carm,0,3,3,3,0,0,0,0,3,3,-5,0,0,0
2024-07-26,MUFFINS,Apple Crunch,0,4,4,4,0,0,0,0,3,3,-5,0,0,0
2024-07-26,COOKIES/BARS,oat cc,8,48,56,38,7,1,10,0,0,0,0,0,0,0
2024-07-26,COOKIES/BARS,triple cc,6,72,78,56,7,0,15,0,0,0,0,0,0,0
2024-07-26,COOKIES/BARS,Snicker,0,72,72,56,7,0,9,0,0,0,0,0,0,0
2024-07-26,COOKIES/BARS,Frosted,32,0,32,20,0,0,12,0,0,0,0,0,0,0
2024-07-26,COOKIES/BARS,Brownie,7,30,37,12,0,0,25,0,0,0,0,0,0,0
2024-07-26,COOKIES/BARS,Lemon Bars,7,45,52,34,0,0,18,0,0,0,0,0,0,0
2024-07-26,COOKIES/BARS,Totals,60,393,453,291,52,21,89,0,24,24,-10,0,0,0
2024-07-27,BREAD,H,9,0,9,9,0,0,0,0,0,0,0,0,0,0
2024-07-27,BREAD,FR,12,0,12,12,0,0,0,0,0,0,0,0,0,0
2024-07-27,BREAD,GW,5,0,5,5,0,0,0,0,0,0,0,0,0,0
2024-07-27,BREAD,DK,5,0,5,5,0,0,0,0,0,0,0,0,0,0
2024-07-27,BREAD,H5,4,0,4,4,0,0,0,0,0,0,0,0,0,0
2024-07-27,BREAD,CSWRL,3,0,3,3,0,0,0,4,0,4,4,0,0,0
2024-07-27,BREAD,CnE,3,0,3,3,0,0,0,0,0,0,0,0,0,0
2024-07-27,BREAD,CnR,4,0,4,4,0,0,0,0,0,0,0,0,0,0
2024-07-27,BREAD,RW,2,0,2,2,0,0,0,0,0,0,0,0,0,0
2024-07-27,BREAD,Monkey,3,0,3,3,0,0,0,0,0,0,0,0,0,0
2024-07-27,BREAD,RWB,0,0,0,0,0,0,0,0,0,0,0,0,0,0
2024-07-27,BREAD,CG,4,0,4,4,0,0,0,4,0,4,4,0,0,0
2024-07-27,BREAD,Pest,2,0,2,2,0,0,0,0,0,0,0,0,0,0
2024-07-27,BREAD,jal,2,0,2,2,0,0,0,0,0,0,0,0,0,0
2024-07-27,BREAD,Cheetah,2,0,2,2,0,0,0,0,0,0,0,0,0,0
2024-07-27,BREAD,VS,1,0,1,1,0,0,0,1,0,1,1,0,0,0
2024-07-27,BREAD,sour-TL,12,0,12,12,0,0,0,0,0,0,0,0,0,0
2024-07-27,BREAD,OB,0,0,0,0,0,0,0,0,0,0,0,0,0,0
2024-07-27,BREAD,Pepp Roll,1,0,1,1,0,0,0,0,0,0,0,0,0,0
2024-07-27,BREAD,VS Pep Rl,0,0,0,0,0,0,0,0,0,0,0,0,0,0
2024-07-27,BREAD,CAR,0,0,0,-6,0,0,6,0,0,0,0,0,0,0
2024-07-27,BREAD,IHF,0,0,0,-8,0,0,8,0,0,0,0,0,0,0
2024-07-27,BREAD,H-RLS,5,0,5,5,0,0,0,0,0,0,0,0,0,0
2024-07-27,BREAD,FR-RLS,4,0,4,4,0,0,0,0,0,0,0,0,0,0
2024-07-27,BREAD,VS-RLS,2,0,2,2,0,0,0,0,0,0,0,0,0,0
2024-07-27,BREAD,TEA CAKES,0,0,0,0,0,0,0,0,0,0,0,0,0,0
2024-07-27,BREAD,Blue Stru,1,4,5,4,1,0,0,0,0,0,0,0,0,0
2024-07-27,BREAD,Choc Carm,4,0,4,4,0,0,0,0,0,0,0,0,0,0
2024-07-27,BREAD,Apple Crunch,4,0,4,4,0,0,0,0,0,0,0,0,0,0
2024-07-27,ROLLS,C-Rolls,0,108,108,104,4,0,0,0,0,0,0,0,0,0
2024-07-27,ROLLS,12 mini C-R,0,12,12,0,12,0,0,0,0,0,0,0,0,0
2024-07-27,ROLLS,24 mini C-R,0,0,0,0,0,0,0,0,0,0,0,0,0,0
2024-07-27,SCONES,Blueberry,0,30,30,30,0,0,0,0,0,0,0,0,0,0
2024-07-27,SCONES,Straw Rhubarb,0,0,0,0,0,0,0,0,0,0,0,0,0,0
2024-07-27,SCONES,Cherry,0,0,0,0,0,0,0,0,0,0,0,0,0,0
2024-07-27,SCONES,Butt Almond,0,25,25,25,0,0,0,0,0,0,0,0,0,0
2024-07-27,SCONES,Turtle,0,0,0,0,0,0,0,0,0,0,0,0,0,0
2024-07-27,SCONES,Cin Chip,0,0,0,0,0,0,0,0,0,0,0,0,0,0
2024-07-27,SCONES,FRUIT BAR,0,0,0,0,0,0,0,0,0,0,0,0,0,0
2024-07-27,SCONES,Triple berry,0,5,5,5,0,0,0,0,0,0,0,0,0,0
2024-07-27,SCONES,cherry,0,5,5,5,0,0,0,0,0,0,0,0,0,0
2024-07-27,SCONES,apple cin,0,5,5,5,0,0,0,0,0,0,0,0,0,0
2024-07-27,SCONES,Straw Rhub,0,5,5,5,0,0,0,0,0,0,0,0,0,0
2024-07-27,MUFFINS,Blue Stru,0,31,31,13,18,0,0,0,0,0,0,0,0,0
2024-07-27,MUFFINS,Choc Carm,0,24,24,10,14,0,0,0,0,0,0,0,0,0
2024-07-27,MUFFINS,Apple Crunch,0,25,25,11,14,0,0,0,0,0,0,0,0,0
2024-07-27,COOKIES/BARS,oat cc,10,24,34,21,13,0,0,0,0,0,0,0,0,0
2024-07-27,COOKIES/BARS,triple cc,15,12,27,20,7,0,0,0,0,0,0,0,0,0
2024-07-27,COOKIES/BARS,Snicker,9,12,21,20,1,0,0,0,0,0,0,0,0,0
2024-07-27,COOKIES/BARS,Frosted,12,0,12,12,0,0,0,0,0,0,0,0,0,0
2024-07-27,COOKIES/BARS,Brownie,25,0,25,6,8,0,11,0,0,0,0,0,0,0
2024-07-27,COOKIES/BARS,Lemon Bars,18,0,18,14,0,0,4,0,0,0,0,0,0,0
2024-07-27,COOKIES/BARS,Totals,89,323,412,306,91,0,15,0,0,0,0,0,0,0
2024-07-28,BREAD,H,0,0,0,0,0,0,0,0,0,0,0,0,0,0
2024-07-28,BREAD,FR,0,0,0,0,0,0,0,0,0,0,0,0,0,0
2024-07-28,BREAD,GW,0,0,0,0,0,0,0,0,0,0,0,0,0,0
2024-07-28,BREAD,DK,0,0,0,0,0,0,0,0,0,0,0,0,0,0
2024-07-28,BREAD,H5,0,0,0,0,0,0,0,0,0,0,0,0,0,0
2024-07-28,BREAD,CSWRL,0,0,0,0,0,0,0,0,0,0,0,0,0,0
2024-07-28,BREAD,CnE,0,0,0,0,0,0,0,0,0,0,0,0,0,0
2024-07-28,BREAD,CnR,0,0,0,0,0,0,0,0,0,0,0,0,0,0
2024-07-28,BREAD,RW,0,0,0,0,0,0,0,0,0,0,0,0,0,0
2024-07-28,BREAD,Monkey,0,0,0,0,0,0,0,0,0,0,0,0,0,0
2024-07-28,BREAD,RWB,0,0,0,0,0,0,0,0,0,0,0,0,0,0
2024-07-28,BREAD,CG,0,0,0,0,0,0,0,0,0,0,0,0,0,0
2024-07-28,BREAD,Pest,0,0,0,0,0,0,0,0,0,0,0,0,0,0
2024-07-28,BREAD,jal,0,0,0,0,0,0,0,0,0,0,0,0,0,0
2024-07-28,BREAD,Cheetah,0,0,0,0,0,0,0,0,0,0,0,0,0,0
2024-07-28,BREAD,VS,0,0,0,0,0,0,0,0,0,0,0,0,0,0
2024-07-28,BREAD,sour-TL,0,0,0,0,0,0,0,0,0,0,0,0,0,0
2024-07-28,BREAD,OB,0,0,0,0,0,0,0,0,0,0,0,0,0,0
2024-07-28,BREAD,Pepp Roll,0,0,0,0,0,0,0,0,0,0,0,0,0,0
2024-07-28,BREAD,VS Pep Rl,0,0,0,0,0,0,0,0,0,0,0,0,0,0
2024-07-28,BREAD,CAR,6,0,6,0,0,0,6,0,0,0,0,0,0,0
2024-07-28,BREAD,IHF,8,0,8,0,0,0,8,0,0,0,0,0,0,0
2024-07-28,BREAD,H-RLS,0,0,0,0,0,0,0,0,0,0,0,0,0,0
2024-07-28,BREAD,FR-RLS,0,0,0,0,0,0,0,0,0,0,0,0,0,0
2024-07-28,BREAD,VS-RLS,0,0,0,0,0,0,0,0,0,0,0,0,0,0
2024-07-28,BREAD,TEA CAKES,0,0,0,0,0,0,0,0,0,0,0,0,0,0
2024-07-28,BREAD,Blue Stru,0,0,0,0,0,0,0,0,0,0,0,0,0,0
2024-07-28,BREAD,Choc Carm,0,0,0,0,0,0,0,0,0,0,0,0,0,0
2024-07-28,BREAD,Apple Crunch,0,0,0,0,0,0,0,0,0,0,0,0,0,0
2024-07-28,ROLLS,C-Rolls,0,0,0,0,0,0,0,0,0,0,0,0,0,0
2024-07-28,ROLLS,12 mini C-R,0,0,0,0,0,0,0,0,0,0,0,0,0,0
2024-07-28,ROLLS,24 mini C-R,0,0,0,0,0,0,0,0,0,0,0,0,0,0
2024-07-28,SCONES,Blueberry,0,0,0,0,0,0,0,0,0,0,0,0,0,0
2024-07-28,SCONES,Straw Rhubarb,0,0,0,0,0,0,0,0,0,0,0,0,0,0
2024-07-28,SCONES,Cherry,0,0,0,0,0,0,0,0,0,0,0,0,0,0
2024-07-28,SCONES,Butt Almond,0,0,0,0,0,0,0,0,0,0,0,0,0,0
2024-07-28,SCONES,Turtle,0,0,0,0,0,0,0,0,0,0,0,0,0,0
2024-07-28,SCONES,Cin Chip,0,0,0,0,0,0,0,0,0,0,0,0,0,0
2024-07-28,SCONES,FRUIT BAR,0,0,0,0,0,0,0,0,0,0,0,0,0,0
2024-07-28,SCONES,Triple berry,0,0,0,0,0,0,0,0,0,0,0,0,0,0
2024-07-28,SCONES,cherry,0,0,0,0,0,0,0,0,0,0,0,0,0,0
2024-07-28,SCONES,apple cin,0,0,0,0,0,0,0,0,0,0,0,0,0,0
2024-07-28,SCONES,Straw Rhub,0,0,0,0,0,0,0,0,0,0,0,0,0,0
2024-07-28,MUFFINS,Blue Stru,0,0,0,0,0,0,0,0,0,0,0,0,0,0
2024-07-28,MUFFINS,Choc Carm,0,0,0,0,0,0,0,0,0,0,0,0,0,0
2024-07-28,MUFFINS,Apple Crunch,0,0,0,0,0,0,0,0,0,0,0,0,0,0
2024-07-28,COOKIES/BARS,oat cc,0,0,0,0,0,0,0,0,0,0,0,0,0,0
2024-07-28,COOKIES/BARS,triple cc,0,0,0,0,0,0,0,0,0,0,0,0,0,0
2024-07-28,COOKIES/BARS,Snicker,0,0,0,0,0,0,0,0,0,0,0,0,0,0
2024-07-28,COOKIES/BARS,Frosted,0,0,0,0,0,0,0,0,0,0,0,0,0,0
2024-07-28,COOKIES/BARS,Brownie,11,0,11,0,0,0,11,0,0,0,0,0,0,0
2024-07-28,COOKIES/BARS,Lemon Bars,4,0,4,0,0,0,4,0,0,0,0,0,0,0
2024-07-28,COOKIES/BARS,Totals,15,0,15,0,0,0,15,0,0,0,0,0,0,0
2024-07-29,BREAD,H,0,24,24,17,0,0,7,0,0,0,0,0,0,0
2024-07-29,BREAD,FR,0,45,45,15,30,0,0,0,0,0,0,0,0,0
2024-07-29,BREAD,GW,0,6,6,2,0,0,4,0,0,0,0,0,0,0
2024-07-29,BREAD,DK,0,21,21,5,0,0,16,0,0,0,0,0,0,0
2024-07-29,BREAD,H5,0,0,0,0,0,0,0,0,0,0,0,0,0,0
2024-07-29,BREAD,CSWRL,0,20,20,13,0,0,7,0,6,6,6,0,0,0
2024-07-29,BREAD,CnE,0,6,6,4,0,0,2,0,4,4,0,0,0,4
2024-07-29,BREAD,CnR,0,3,3,1,0,0,2,0,0,0,0,0,0,0
2024-07-29,BREAD,RW,0,3,3,0,0,0,3,0,0,0,0,0,0,0
2024-07-29,BREAD,Monkey,0,3,3,1,0,0,2,0,0,0,0,0,0,0
2024-07-29,BREAD,RWB,0,0,0,0,0,0,0,0,0,0,0,0,0,0
2024-07-29,BREAD,CG,0,5,5,1,0,0,4,0,3,3,1,0,0,2
2024-07-29,BREAD,Pest,0,3,3,0,0,0,3,0,0,0,0,0,0,0
2024-07-29,BREAD,jal,0,3,3,0,0,0,3,0,0,0,0,0,0,0
2024-07-29,BREAD,Cheetah,0,3,3,2,0,0,1,0,0,0,0,0,0,0
2024-07-29,BREAD,VS,0,0,0,0,0,0,0,0,0,0,0,0,0,0
2024-07-29,BREAD,sour-TL,0,22,22,10,7,0,5,0,0,0,0,0,0,0
2024-07-29,BREAD,OB,0,3,3,3,0,0,0,0,0,0,0,0,0,0
2024-07-29,BREAD,Pepp Roll,0,8,8,5,0,0,3,0,0,0,0,0,0,0
2024-07-29,BREAD,VS Pep Rl,0,0,0,0,0,0,0,0,0,0,0,0,0,0
2024-07-29,BREAD,CAR,6,0,6,1,0,0,5,0,0,0,0,0,0,0
2024-07-29,BREAD,IHF,8,0,8,1,0,0,7,0,0,0,0,0,0,0
2024-07-29,BREAD,H-RLS,0,3,3,2,0,0,1,0,0,0,0,0,0,0
2024-07-29,BREAD,FR-RLS,0,3,3,0,0,0,3,0,0,0,0,0,0,0
2024-07-29,BREAD,VS-RLS,0,0,0,0,0,0,0,0,0,0,0,0,0,0
2024-07-29,BREAD,TEA CAKES,0,0,0,0,0,0,0,0,0,0,0,0,0,0
2024-07-29,BREAD,Blue Stru,0,5,5,1,0,0,4,0,0,0,0,0,0,0
2024-07-29,BREAD,Choc Carm,0,3,3,-1,0,0,4,0,0,0,0,0,0,0
2024-07-29,BREAD,Apple Crunch,0,4,4,1,0,0,3,0,0,0,0,0,0,0
2024-07-29,ROLLS,C-Rolls,0,24,24,14,0,10,0,0,0,0,0,0,0,0
2024-07-29,ROLLS,12 mini C-R,0,0,0,0,0,0,0,0,0,0,0,0,0,0
2024-07-29,ROLLS,24 mini C-R,0,0,0,0,0,0,0,0,0,0,0,0,0,0
2024-07-29,SCONES,Blueberry,0,0,0,0,0,0,0,0,0,0,0,0,0,0
2024-07-29,SCONES,Straw Rhubarb,0,11,11,11,0,0,0,0,0,0,0,0,0,0
2024-07-29,SCONES,Cherry,0,0,0,0,0,0,0,0,0,0,0,0,0,0
2024-07-29,SCONES,Butt Almond,0,0,0,0,0,0,0,0,0,0,0,0,0,0
2024-07-29,SCONES,Turtle,0,0,0,0,0,0,0,0,0,0,0,0,0,0
2024-07-29,SCONES,Cin Chip,0,11,11,10,0,1,0,0,0,0,0,0,0,0
2024-07-29,SCONES,FRUIT BAR,0,0,0,0,0,0,0,0,0,0,0,0,0,0
2024-07-29,SCONES,Triple berry,0,5,5,3,0,2,0,0,0,0,0,0,0,0
2024-07-29,SCONES,cherry,0,5,5,5,0,0,0,0,0,0,0,0,0,0
2024-07-29,SCONES,apple cin,0,0,0,0,0,0,0,0,0,0,0,0,0,0
2024-07-29,SCONES,Straw Rhub,0,0,0,0,0,0,0,0,0,0,0,0,0,0
2024-07-29,MUFFINS,Blue Stru,0,4,4,2,0,2,0,0,0,0,0,0,0,0
2024-07-29,MUFFINS,Choc Carm,0,2,2,2,0,0,0,0,0,0,0,0,0,0
2024-07-29,MUFFINS,Apple Crunch,0,3,3,1,0,2,0,0,0,0,0,0,0,0
2024-07-29,COOKIES/BARS,oat cc,0,30,30,14,0,0,16,0,0,0,0,0,0,0
2024-07-29,COOKIES/BARS,triple cc,0,30,30,13,0,0,17,0,0,0,0,0,0,0
2024-07-29,COOKIES/BARS,Snicker,0,30,30,15,0,0,15,0,0,0,0,0,0,0
2024-07-29,COOKIES/BARS,Frosted,0,12,12,5,0,0,7,0,0,0,0,0,0,0
2024-07-29,COOKIES/BARS,Brownie,11,15,26,3,0,0,23,0,0,0,0,0,0,0
2024-07-29,COOKIES/BARS,Lemon Bars,4,15,19,3,0,0,16,0,0,0,0,0,0,0
2024-07-29,COOKIES/BARS,Totals,15,197,212,101,0,17,94,0,0,0,0,0,0,0
2024-07-30,BREAD,H,7,25,32,6,0,0,26,0,0,0,0,0,0,0
2024-07-30,BREAD,FR,0,32,32,15,0,0,17,0,0,0,0,0,0,0
2024-07-30,BREAD,GW,4,3,7,2,0,2,3,0,0,0,0,0,0,0
2024-07-30,BREAD,DK,16,0,16,9,0,0,7,0,0,0,0,0,0,0
2024-07-30,BREAD,H5,0,19,19,8,0,0,11,0,0,0,0,0,0,0
2024-07-30,BREAD,CSWRL,7,12,19,15,0,0,4,0,7,7,3,0,0,4
2024-07-30,BREAD,CnE,2,10,12,9,0,0,3,4,3,7,5,0,0,2
2024-07-30,BREAD,CnR,2,8,10,2,0,0,8,0,0,0,0,0,0,0
2024-07-30,BREAD,RW,3,3,6,1,0,2,3,0,0,0,0,0,0,0
2024-07-30,BREAD,Monkey,2,6,8,2,0,0,6,0,0,0,0,0,0,0
2024-07-30,BREAD,RWB,0,0,0,0,0,0,0,0,0,0,0,0,0,0
2024-07-30,BREAD,CG,4,0,4,2,0,2,0,2,0,2,2,0,0,0
2024-07-30,BREAD,Pest,3,0,3,1,0,2,0,0,0,0,0,0,0,0
2024-07-30,BREAD,jal,3,0,3,3,0,0,0,0,0,0,0,0,0,0
2024-07-30,BREAD,Cheetah,1,0,1,1,0,0,0,0,0,0,0,0,0,0
2024-07-30,BREAD,VS,0,10,10,1,0,0,9,0,7,7,1,0,0,6
2024-07-30,BREAD,sour-TL,5,19,24,7,0,0,17,0,0,0,0,0,0,0
2024-07-30,BREAD,OB,0,5,5,-2,0,0,7,0,0,0,0,0,0,0
2024-07-30,BREAD,Pepp Roll,3,0,3,0,0,3,0,0,0,0,0,0,0,0
2024-07-30,BREAD,VS Pep Rl,0,13,13,8,0,0,5,0,0,0,0,0,0,0
2024-07-30,BREAD,CAR,5,0,5,3,0,0,2,0,0,0,0,0,0,0
2024-07-30,BREAD,IHF,7,0,7,1,0,0,6,0,0,0,0,0,0,0
2024-07-30,BREAD,H-RLS,1,2,3,-2,0,3,2,0,0,0,0,0,0,0
2024-07-30,BREAD,FR-RLS,3,0,3,1,0,2,0,0,0,0,0,0,0,0
2024-07-30,BREAD,VS-RLS,0,7,7,0,0,0,7,0,0,0,0,0,0,0
2024-07-30,BREAD,TEA CAKES,0,0,0,0,0,0,0,0,0,0,0,0,0,0
2024-07-30,BREAD,Blue Stru,4,1,5,5,0,0,0,0,0,0,0,0,0,0
2024-07-30,BREAD,Choc Carm,4,0,4,4,0,0,0,0,0,0,0,0,0,0
2024-07-30,BREAD,Apple Crunch,3,0,3,3,0,0,0,0,0,0,0,0,0,0
2024-07-30,ROLLS,C-Rolls,0,24,24,19,0,5,0,0,0,0,0,0,0,0
2024-07-30,ROLLS,12 mini C-R,0,0,0,0,0,0,0,0,0,0,0,0,0,0
2024-07-30,ROLLS,24 mini C-R,0,0,0,0,0,0,0,0,0,0,0,0,0,0
2024-07-30,SCONES,Blueberry,0,11,11,11,0,0,0,0,0,0,0,0,0,0
2024-07-30,SCONES,Straw Rhubarb,0,0,0,0,0,0,0,0,0,0,0,0,0,0
2024-07-30,SCONES,Cherry,0,0,0,0,0,0,0,0,0,0,0,0,0,0
2024-07-30,SCONES,Butt Almond,0,0,0,0,0,0,0,0,0,0,0,0,0,0
2024-07-30,SCONES,Turtle,0,0,0,-1,0,1,0,0,0,0,0,0,0,0
2024-07-30,SCONES,Cin Chip,0,11,11,11,0,0,0,0,0,0,0,0,0,0
2024-07-30,SCONES,FRUIT BAR,0,0,0,0,0,0,0,0,0,0,0,0,0,0
2024-07-30,SCONES,Triple berry,0,0,0,0,0,0,0,0,0,0,0,0,0,0
2024-07-30,SCONES,cherry,0,0,0,0,0,0,0,0,0,0,0,0,0,0
2024-07-30,SCONES,apple cin,0,5,5,1,0,4,0,0,0,0,0,0,0,0
2024-07-30,SCONES,Straw Rhub,0,5,5,2,0,3,0,0,0,0,0,0,0,0
2024-07-30,MUFFINS,Blue Stru,0,4,4,4,0,0,0,0,0,0,0,0,0,0
2024-07-30,MUFFINS,Choc Carm,0,3,3,3,0,0,0,0,0,0,0,0,0,0
2024-07-30,MUFFINS,Apple Crunch,0,4,4,3,0,1,0,0,0,0,0,0,0,0
2024-07-30,COOKIES/BARS,oat cc,16,24,40,8,10,12,10,0,4,4,0,0,0,0
2024-07-30,COOKIES/BARS,triple cc,17,24,41,17,10,1,13,0,4,4,0,0,0,0
2024-07-30,COOKIES/BARS,Snicker,15,30,45,28,11,0,6,0,4,4,0,0,0,0
2024-07-30,COOKIES/BARS,Frosted,7,24,31,5,0,4,22,0,0,0,0,0,0,0
2024-07-30,COOKIES/BARS,Brownie,23,15,38,13,0,0,25,0,0,0,0,0,0,0
2024-07-30,COOKIES/BARS,Lemon Bars,16,15,31,7,0,0,24,0,0,0,0,0,0,0
2024-07-30,COOKIES/BARS,Totals,94,199,293,131,31,31,100,0,12,12,0,0,0,0
2024-07-31,BREAD,H,26,23,49,17,7,0,25,0,0,0,0,0,0,0
2024-07-31,BREAD,FR,17,14,31,13,0,0,18,0,0,0,0,0,0,0
2024-07-31,BREAD,GW,3,5,8,2,0,2,4,0,0,0,0,0,0,0
2024-07-31,BREAD,DK,7,21,28,8,0,0,20,0,0,0,0,0,0,0
2024-07-31,BREAD,H5,11,0,11,7,0,0,4,0,0,0,0,0,0,0
2024-07-31,BREAD,CSWRL,4,24,28,12,0,0,16,4,9,13,8,0,0,5
2024-07-31,BREAD,CnE,3,19,22,6,0,0,16,2,5,7,5,0,0,2
2024-07-31,BREAD,CnR,8,3,11,8,0,0,3,0,0,0,0,0,0,0
2024-07-31,BREAD,RW,3,4,7,4,0,0,3,0,0,0,0,0,0,0
2024-07-31,BREAD,Monkey,6,4,10,7,0,0,3,0,0,0,0,0,0,0
2024-07-31,BREAD,RWB,0,0,0,0,0,0,0,0,0,0,0,0,0,0
2024-07-31,BREAD,CG,0,7,7,3,0,0,4,0,7,7,2,0,0,5
2024-07-31,BREAD,Pest,0,7,7,2,0,0,5,0,0,0,0,0,0,0
2024-07-31,BREAD,jal,0,7,7,2,0,0,5,0,0,0,0,0,0,0
2024-07-31,BREAD,Cheetah,0,7,7,5,0,0,2,0,0,0,0,0,0,0
2024-07-31,BREAD,VS,9,0,9,-2,0,3,8,6,0,6,0,0,0,4
2024-07-31,BREAD,sour-TL,17,18,35,13,1,0,21,0,0,0,0,0,0,0
2024-07-31,BREAD,OB,7,0,7,1,0,1,5,0,0,0,0,0,0,0
2024-07-31,BREAD,Pepp Roll,0,10,10,3,0,0,7,0,0,0,0,0,0,0
2024-07-31,BREAD,VS Pep Rl,5,0,5,2,0,1,2,0,0,0,0,0,0,0
2024-07-31,BREAD,CAR,2,0,2,0,0,0,2,0,0,0,0,0,0,0
2024-07-31,BREAD,IHF,6,0,6,2,0,0,4,0,0,0,0,0,0,0
2024-07-31,BREAD,H-RLS,2,5,7,2,0,0,5,0,0,0,0,0,0,0
2024-07-31,BREAD,FR-RLS,0,7,7,2,0,0,5,0,0,0,0,0,0,0
2024-07-31,BREAD,VS-RLS,7,0,7,5,0,2,0,0,0,0,0,0,0,0
2024-07-31,BREAD,TEA CAKES,0,0,0,0,0,0,0,0,0,0,0,0,0,0
2024-07-31,BREAD,Blue Stru,0,18,18,8,0,0,10,0,0,0,0,0,0,0
2024-07-31,BREAD,Choc Carm,0,8,8,4,0,0,4,0,0,0,0,0,0,0
2024-07-31,BREAD,Apple Crunch,0,10,10,3,0,0,7,0,0,0,0,0,0,0
2024-07-31,ROLLS,C-Rolls,0,60,60,30,0,30,0,0,0,0,0,0,0,0
2024-07-31,ROLLS,12 mini C-R,0,0,0,0,0,0,0,0,0,0,0,0,0,0
2024-07-31,ROLLS,24 mini C-R,0,0,0,0,0,0,0,0,0,0,0,0,0,0
2024-07-31,SCONES,Blueberry,0,0,0,0,0,0,0,0,0,0,0,0,0,0
2024-07-31,SCONES,Straw Rhubarb,0,17,17,15,0,2,0,0,0,0,0,0,0,0
2024-07-31,SCONES,Cherry,0,0,0,0,0,0,0,0,0,0,0,0,0,0
2024-07-31,SCONES,Butt Almond,0,0,0,0,0,0,0,0,0,0,0,0,0,0
2024-07-31,SCONES,Turtle,0,16,16,11,0,5,0,0,0,0,0,0,0,0
2024-07-31,SCONES,Cin Chip,0,0,0,0,0,0,0,0,0,0,0,0,0,0
2024-07-31,SCONES,FRUIT BAR,0,0,0,0,0,0,0,0,0,0,0,0,0,0
2024-07-31,SCONES,Triple berry,0,10,10,6,0,4,0,0,0,0,0,0,0,0
2024-07-31,SCONES,cherry,0,10,10,6,0,4,0,0,0,0,0,0,0,0
2024-07-31,SCONES,apple cin,0,5,5,5,0,0,0,0,0,0,0,0,0,0
2024-07-31,SCONES,Straw Rhub,0,5,5,3,0,2,0,0,0,0,0,0,0,0
2024-07-31,MUFFINS,Blue Stru,0,7,7,4,0,3,0,0,0,0,0,0,0,0
2024-07-31,MUFFINS,Choc Carm,0,6,6,1,0,5,0,0,0,0,0,0,0,0
2024-07-31,MUFFINS,Apple Crunch,0,7,7,2,0,5,0,0,0,0,0,0,0,0
2024-07-31,COOKIES/BARS,oat cc,10,66,76,20,0,6,50,0,34,34,0,0,0,0
2024-07-31,COOKIES/BARS,triple cc,13,90,103,26,0,0,77,0,34,34,0,0,0,0
2024-07-31,COOKIES/BARS,Snicker,6,114,120,73,0,0,47,0,34,34,0,0,0,0
2024-07-31,COOKIES/BARS,Turtle,0,54,54,18,0,0,36,0,0,0,0,0,0,0
2024-07-31,COOKIES/BARS,Frosted,22,6,28,5,0,0,23,0,0,0,0,0,0,0
2024-07-31,COOKIES/BARS,Brownie,25,15,40,-20,0,5,55,0,0,0,0,0,0,0
2024-07-31,COOKIES/BARS,Lemon Bars,24,15,39,-1,0,0,40,0,0,0,0,0,0,0
2024-07-31,COOKIES/BARS,Totals,0,503,603,204,0,71,328,0,102,102,0,0,0,0
