file,status,rows
./Daily Sheet Data Cleaned Whole and Half\2016 05 May.csv,ingested,1529
./Daily Sheet Data Cleaned Whole and Half\2016 06 June.csv,ingested,1611
./Daily Sheet Data Cleaned Whole and Half\2016 07 July.csv,ingested,1642
./Daily Sheet Data Cleaned Whole and Half\2016 08 August.csv,ingested,1655
./Daily Sheet Data Cleaned Whole and Half\2016 09 September.csv,ingested,1430
./Daily Sheet Data Cleaned Whole and Half\2016 10 October.csv,ingested,1526
./Daily Sheet Data Cleaned Whole and Half\2016 11 November.csv,ingested,1612
./Daily Sheet Data Cleaned Whole and Half\2016 12 December.csv,ingested,1669
./Daily Sheet Data Cleaned Whole and Half\2017 01 January.csv,ingested,1325
./Daily Sheet Data Cleaned Whole and Half\2017 02 February.csv,ingested,1367
./Daily Sheet Data Cleaned Whole and Half\2017 03 March.csv,ingested,1521
./Daily Sheet Data Cleaned Whole and Half\2017 04 April.csv,ingested,1459
./Daily Sheet Data Cleaned Whole and Half\2017 05 May.csv,ingested,1501
./Daily Sheet Data Cleaned Whole and Half\2017 06 June.csv,ingested,1476
./Daily Sheet Data Cleaned Whole and Half\2017 07 July.csv,ingested,1535
./Daily Sheet Data Cleaned Whole and Half\2017 08 August.csv,ingested,1698
./Daily Sheet Data Cleaned Whole and Half\2017 09 September.csv,ingested,1483
./Daily Sheet Data Cleaned Whole and Half\2017 10 October.csv,ingested,1725
./Daily Sheet Data Cleaned Whole and Half\2017 11 November.csv,ingested,1842
./Daily Sheet Data Cleaned Whole and Half\2017 12 December.csv,ingested,1845
./Daily Sheet Data Cleaned Whole and Half\2018 01 January.csv,ingested,1400
./Daily Sheet Data Cleaned Whole and Half\2018 02 February.csv,ingested,1586
./Daily Sheet Data Cleaned Whole and Half\2018 03 March.csv,ingested,1719
./Daily Sheet Data Cleaned Whole and Half\2018 04 April.csv,ingested,1565
./Daily Sheet Data Cleaned Whole and Half\2018 05 May.csv,ingested,1772
./Daily Sheet Data Cleaned Whole and Half\2018 06 June.csv,ingested,1716
./Daily Sheet Data Cleaned Whole and Half\2018 07 July.csv,ingested,1792
./Daily Sheet Data Cleaned Whole and Half\2018 08 August.csv,ingested,1845
./Daily Sheet Data Cleaned Whole and Half\2018 09 September.csv,ingested,1811
./Daily Sheet Data Cleaned Whole and Half\2018 10 October.csv,ingested,1882
./Daily Sheet Data Cleaned Whole and Half\2018 11 November.csv,ingested,1934
./Daily Sheet Data Cleaned Whole and Half\2018 12 December.csv,ingested,1967
./Daily Sheet Data Cleaned Whole and Half\2019 01 January.csv,ingested,1748
./Daily Sheet Data Cleaned Whole and Half\2019 02 February.csv,ingested,1862
./Daily Sheet Data Cleaned Whole and Half\2019 03 March.csv,ingested,1947
./Daily Sheet Data Cleaned Whole and Half\2019 04 April.csv,ingested,1919
./Daily Sheet Data Cleaned Whole and Half\2019 05 May.csv,ingested,1744
./Daily Sheet Data Cleaned Whole and Half\2019 06 June.csv,ingested,1529
./Daily Sheet Data Cleaned Whole and Half\2019 07 July.csv,ingested,1595
./Daily Sheet Data Cleaned Whole and Half\2019 08 August.csv,ingested,1695
./Daily Sheet Data Cleaned Whole and Half\2019 09 September.csv,ingested,1708
./Daily Sheet Data Cleaned Whole and Half\2019 10 October.csv,ingested,1865
./Daily Sheet Data Cleaned Whole and Half\2019 11 November.csv,ingested,2004
./Daily Sheet Data Cleaned Whole and Half\2019 12 December.csv,ingested,2029
./Daily Sheet Data Cleaned Whole and Half\2020 01 January.csv,ingested,1569
./Daily Sheet Data Cleaned Whole and Half\2020 02 February.csv,ingested,1629
./Daily Sheet Data Cleaned Whole and Half\2020 03 March.csv,ingested,1630
./Daily Sheet Data Cleaned Whole and Half\2020 04 April.csv,ingested,1438
./Daily Sheet Data Cleaned Whole and Half\2020 05 May.csv,ingested,1560
./Daily Sheet Data Cleaned Whole and Half\2020 06 June.csv,ingested,1544
./Daily Sheet Data Cleaned Whole and Half\2020 07 July.csv,ingested,1529
./Daily Sheet Data Cleaned Whole and Half\2020 08 August.csv,ingested,1737
./Daily Sheet Data Cleaned Whole and Half\2020 09 September.csv,ingested,1695
./Daily Sheet Data Cleaned Whole and Half\2020 10 October.csv,ingested,1793
./Daily Sheet Data Cleaned Whole and Half\2020 11 November.csv,ingested,1923
./Daily Sheet Data Cleaned Whole and Half\2020 12 December.csv,ingested,1995
./Daily Sheet Data Cleaned Whole and Half\2021 01 January.csv,ingested,1450
./Daily Sheet Data Cleaned Whole and Half\2021 02 February.csv,ingested,1542
./Daily Sheet Data Cleaned Whole and Half\2021 03 March.csv,ingested,1819
./Daily Sheet Data Cleaned Whole and Half\2021 04 April.csv,ingested,1647
./Daily Sheet Data Cleaned Whole and Half\2021 05 May.csv,ingested,1672
./Daily Sheet Data Cleaned Whole and Half\2021 06 June.csv,ingested,1573
./Daily Sheet Data Cleaned Whole and Half\2021 07 July.csv,ingested,1673
./Daily Sheet Data Cleaned Whole and Half\2021 08 August.csv,ingested,1553
./Daily Sheet Data Cleaned Whole and Half\2021 09 September.csv,ingested,1540
./Daily Sheet Data Cleaned Whole and Half\2021 10 October.csv,ingested,1727
./Daily Sheet Data Cleaned Whole and Half\2021 11 November.csv,ingested,1820
./Daily Sheet Data Cleaned Whole and Half\2021 12 December.csv,ingested,1995
./Daily Sheet Data Cleaned Whole and Half\2022 01 January.csv,ingested,1519
./Daily Sheet Data Cleaned Whole and Half\2022 02 February.csv,ingested,1581
./Daily Sheet Data Cleaned Whole and Half\2022 03 March.csv,ingested,1778
./Daily Sheet Data Cleaned Whole and Half\2022 04 April.csv,ingested,1753
./Daily Sheet Data Cleaned Whole and Half\2022 05 May.csv,ingested,1416
./Daily Sheet Data Cleaned Whole and Half\2022 06 June.csv,ingested,1461
./Daily Sheet Data Cleaned Whole and Half\2022 07 July.csv,ingested,1592
./Daily Sheet Data Cleaned Whole and Half\2022 08 August.csv,ingested,1650
./Daily Sheet Data Cleaned Whole and Half\2022 09 September.csv,ingested,1568
./Daily Sheet Data Cleaned Whole and Half\2022 10 October.csv,ingested,1802
./Daily Sheet Data Cleaned Whole and Half\2022 11 November.csv,ingested,1961
./Daily Sheet Data Cleaned Whole and Half\2022 12 December.csv,ingested,2235
./Daily Sheet Data Cleaned Whole and Half\2023 01 January.csv,ingested,1598
./Daily Sheet Data Cleaned Whole and Half\2023 02 February.csv,ingested,1680
./Daily Sheet Data Cleaned Whole and Half\2023 03 March.csv,ingested,1746
./Daily Sheet Data Cleaned Whole and Half\2023 04 April.csv,ingested,1689
./Daily Sheet Data Cleaned Whole and Half\2023 05 May.csv,ingested,1739
./Daily Sheet Data Cleaned Whole and Half\2023 06 June.csv,ingested,1538
./Daily Sheet Data Cleaned Whole and Half\2023 07 July.csv,ingested,1604
./Daily Sheet Data Cleaned Whole and Half\2023 08 August.csv,ingested,1616
./Daily Sheet Data Cleaned Whole and Half\2023 09 September.csv,ingested,1595
./Daily Sheet Data Cleaned Whole and Half\2023 10 October.csv,ingested,1765
./Daily Sheet Data Cleaned Whole and Half\2023 11 November.csv,ingested,1979
./Daily Sheet Data Cleaned Whole and Half\2023 12 December.csv,ingested,2238
./Daily Sheet Data Cleaned Whole and Half\2024 01 January.csv,ingested,1709
./Daily Sheet Data Cleaned Whole and Half\2024 02 February.csv,ingested,1638
./Daily Sheet Data Cleaned Whole and Half\2024 03 March.csv,ingested,1886
./Daily Sheet Data Cleaned Whole and Half\2024 05 May.csv,ingested,1637
./Daily Sheet Data Cleaned Whole and Half\2024 06 June.csv,ingested,1622
./Daily Sheet Data Cleaned Whole and Half\2024 07 July.csv,ingested,1657
./Daily Sheet Data Cleaned Whole and Half\2024 08 August.csv,ingested,1670
