date,store,product,pred_prob,pred_flag,pred_qty_cond,pred_two_stage,horizon
2024-09-01,store_all,12 mini c-r,0.00010217701881234344,0,2.674991749877067,0.0,1
2024-09-01,store_all,24 mini c-r,0.00010272661191136185,0,4.554214937176936,0.0,1
2024-09-01,store_all,3ch sour,0.6432386039795973,1,3.130021776292565,3.130021776292565,1
2024-09-01,store_all,9g,0.00018309243231598573,0,3.9921872635896305,0.0,1
2024-09-01,store_all,9g-blue,0.00010272661191136185,0,4.554214937176936,0.0,1
2024-09-01,store_all,aa,0.0001373139764120341,0,3.218324019015425,0.0,1
2024-09-01,store_all,acw,0.0001883485199008074,0,3.37444154030528,0.0,1
2024-09-01,store_all,acw sw,0.00018066401560750675,0,2.620608912428987,0.0,1
2024-09-01,store_all,almond joy,0.00010303101451271714,0,3.995486494638527,0.0,1
2024-09-01,store_all,angels,0.0001407626933568979,0,3.404521233032431,0.0,1
2024-09-01,store_all,ap,0.00011351866103891999,0,2.620608912428987,0.0,1
2024-09-01,store_all,ap ap cran,0.00010272661191136185,0,4.554214937176936,0.0,1
2024-09-01,store_all,ap blast,0.00010272661191136185,0,4.554214937176936,0.0,1
2024-09-01,store_all,ap swirl,0.18409906496266903,0,4.107047020423023,0.0,1
2024-09-01,store_all,ap swrl,0.1689827001040295,0,6.457901159281527,0.0,1
2024-09-01,store_all,apap cran,0.00010272661191136185,0,4.554214937176936,0.0,1
2024-09-01,store_all,apb,0.00015503005209714302,0,2.620608912428987,0.0,1
2024-09-01,store_all,apl swl,0.00010272661191136185,0,4.554214937176936,0.0,1
2024-09-01,store_all,apl swrl,0.1813560843501835,0,10.436074802913222,0.0,1
2024-09-01,store_all,app,0.00016115440047746501,0,2.620608912428987,0.0,1
2024-09-01,store_all,app cran,0.00013732487777022597,0,3.590666945083559,0.0,1
2024-09-01,store_all,app crum,0.6800466281021863,1,6.563621327785611,6.563621327785611,1
2024-09-01,store_all,app crumb,0.36820277712418026,0,5.8968081998316375,0.0,1
2024-09-01,store_all,app swrl,0.00021731143337213387,0,3.8749373382981376,0.0,1
2024-09-01,store_all,appcran,0.00014536067701787262,0,2.620608912428987,0.0,1
2024-09-01,store_all,appl swrl,0.00024329855365231247,0,3.3302394325180376,0.0,1
2024-09-01,store_all,apple cin,0.36129025758835676,0,3.82794349387567,0.0,1
2024-09-01,store_all,apple cr,0.00010974704558389533,0,2.620608912428987,0.0,1
2024-09-01,store_all,apple cran,0.00011011540928906793,0,3.2018453554933584,0.0,1
2024-09-01,store_all,apple cru,0.00010272661191136185,0,4.554214937176936,0.0,1
2024-09-01,store_all,apple crunch,0.7110898910248292,1,4.737282541064352,4.737282541064352,1
2024-09-01,store_all,apple swrl,0.00010272661191136185,0,4.554214937176936,0.0,1
2024-09-01,store_all,autumn rais,0.00021028699391282976,0,3.707750022518018,0.0,1
2024-09-01,store_all,aw,0.00011027612091831334,0,2.620608912428987,0.0,1
2024-09-01,store_all,babka,0.5803939336490288,1,7.066193015989067,7.066193015989067,1
2024-09-01,store_all,bac,0.0001077889379170188,0,3.218324019015425,0.0,1
2024-09-01,store_all,ban choc,0.00011183477425163726,0,4.5491952281783075,0.0,1
2024-09-01,store_all,ban nut,0.556136003510817,1,3.788956829827636,3.788956829827636,1
2024-09-01,store_all,banana,0.00011025071771767859,0,4.582081551854127,0.0,1
2024-09-01,store_all,banana choc,0.6767671044220159,1,4.632718247921765,4.632718247921765,1
2024-09-01,store_all,banana crumb,0.6347036303933554,1,5.2760565833736175,5.2760565833736175,1
2024-09-01,store_all,banana nut,0.6759157328569569,1,4.783927083306232,4.783927083306232,1
2024-09-01,store_all,bars,0.00010272661191136185,0,4.554214937176936,0.0,1
2024-09-01,store_all,bfb,0.00028115703033324745,0,2.620608912428987,0.0,1
2024-09-01,store_all,biscuit,0.00010272661191136185,0,4.554214937176936,0.0,1
2024-09-01,store_all,biscuits,0.00010272661191136185,0,4.554214937176936,0.0,1
2024-09-01,store_all,blarney,0.00010062277911799901,0,4.741648144838373,0.0,1
2024-09-01,store_all,bliss,0.2879958616813647,0,6.896834787703431,0.0,1
2024-09-01,store_all,blue,0.00010784437994055515,0,2.620608912428987,0.0,1
2024-09-01,store_all,blue steusel,0.00010272661191136185,0,4.554214937176936,0.0,1
2024-09-01,store_all,blue str,0.10373071501475166,0,6.165763597453203,0.0,1
2024-09-01,store_all,blue streu,0.48711049959123004,0,5.72256285457559,0.0,1
2024-09-01,store_all,blue streus,0.2637147748263801,0,6.896834787703431,0.0,1
2024-09-01,store_all,blue streusel,0.5991705384767755,1,3.296827329760252,3.296827329760252,1
2024-09-01,store_all,blue stru,0.11737063456144942,0,7.157908151938008,0.0,1
2024-09-01,store_all,blue struesel,0.8247367089192428,1,6.041182659252394,6.041182659252394,1
2024-09-01,store_all,blueberry,0.0702624567308955,0,11.788516412217124,0.0,1
2024-09-01,store_all,borg,0.00010272661191136185,0,4.554214937176936,0.0,1
2024-09-01,store_all,borg sour,0.00010872410848759193,0,2.620608912428987,0.0,1
2024-09-01,store_all,bread pudding,0.00010272661191136185,0,4.554214937176936,0.0,1
2024-09-01,store_all,brown,0.00012438570890024493,0,3.318684502610036,0.0,1
2024-09-01,store_all,brownie,0.10702424553842216,0,12.13795789853904,0.0,1
2024-09-01,store_all,brownies,0.00019196207730874288,0,3.4673478528356223,0.0,1
2024-09-01,store_all,bunnies,0.00017591533167362044,0,2.65959557647702,0.0,1
2024-09-01,store_all,bunny,0.00010758944889948317,0,2.620608912428987,0.0,1
2024-09-01,store_all,but,0.00010272661191136185,0,4.554214937176936,0.0,1
2024-09-01,store_all,but rls,0.10772729570118877,0,39.522369701757015,0.0,1
2024-09-01,store_all,but-rls,0.00010087409732209759,0,3.943509432791569,0.0,1
2024-09-01,store_all,butr,0.00010272661191136185,0,4.554214937176936,0.0,1
2024-09-01,store_all,butt almd,0.08508174735251103,0,11.132861742066602,0.0,1
2024-09-01,store_all,butt almond,0.12790408517929752,0,8.829308971926253,0.0,1
2024-09-01,store_all,c appl choc,0.00010272661191136185,0,4.554214937176936,0.0,1
2024-09-01,store_all,c-r heart,0.1902221409368185,0,5.873796290511535,0.0,1
2024-09-01,store_all,c-r tree,0.00019945694752883456,0,2.7122792313149007,0.0,1
2024-09-01,store_all,c-roll tree,0.00013938231130876353,0,3.218324019015425,0.0,1
2024-09-01,store_all,c-rolls,0.23362750017808015,0,67.17179044576731,0.0,1
2024-09-01,store_all,candy cane,0.44534327874019114,0,6.120699392818325,0.0,1
2024-09-01,store_all,cap choc,0.00019827512582651537,0,4.094118064868268,0.0,1
2024-09-01,store_all,capp choc,0.00017111651104277466,0,3.614236572587014,0.0,1
2024-09-01,store_all,car,0.09560631649401277,0,5.947502321094943,0.0,1
2024-09-01,store_all,car apple,0.088367255206064,0,6.761817170462522,0.0,1
2024-09-01,store_all,carm ap choc,0.1716863982623661,0,10.298692441395984,0.0,1
2024-09-01,store_all,carm apple,0.0001067442731535227,0,2.9386991030243705,0.0,1
2024-09-01,store_all,cashew cr,0.0001155923243409498,0,3.9429607105936957,0.0,1
2024-09-01,store_all,cashew crunch,0.00017920409453033622,0,3.711989794772078,0.0,1
2024-09-01,store_all,cb,0.0002433546127058318,0,3.2160354941746596,0.0,1
2024-09-01,store_all,cc,0.474834591614058,0,3.218324019015425,0.0,1
2024-09-01,store_all,cc heart,0.1854334006126397,0,4.963228762955479,0.0,1
2024-09-01,store_all,cg,0.1386962296184926,0,5.143723141201835,0.0,1
2024-09-01,store_all,cg-buns,0.00010270396278527682,0,4.554214937176936,0.0,1
2024-09-01,store_all,cg-jal,0.00010986033808663651,0,2.620608912428987,0.0,1
2024-09-01,store_all,cg-pesto,0.4365832862625777,0,5.544164263919683,0.0,1
2024-09-01,store_all,ch,0.3468414815930298,0,4.110484824127495,0.0,1
2024-09-01,store_all,ch carm,0.3605574267252644,0,6.120699392818325,0.0,1
2024-09-01,store_all,ch ch ohhh,0.00010272661191136185,0,4.554214937176936,0.0,1
2024-09-01,store_all,ch orange,0.00010272661191136185,0,4.554214937176936,0.0,1
2024-09-01,store_all,ch ra ohhh,0.0001373139764120341,0,3.218324019015425,0.0,1
2024-09-01,store_all,ch ras ohhh,0.00010272661191136185,0,4.554214937176936,0.0,1
2024-09-01,store_all,ch-raisin,0.00010786816255159224,0,2.620608912428987,0.0,1
2024-09-01,store_all,challah,0.12706152882092564,0,13.672298058035881,0.0,1
2024-09-01,store_all,cheet,0.7865208271466708,1,4.324711602348147,4.324711602348147,1
2024-09-01,store_all,cheetah,0.2566885928202612,0,3.355102856784699,0.0,1
2024-09-01,store_all,cherry,0.30824573941721645,0,3.8649927367107177,0.0,1
2024-09-01,store_all,choc bliss,0.8089928078330735,1,9.760667389823038,9.760667389823038,1
2024-09-01,store_all,choc car,0.00022932928887706746,0,2.65959557647702,0.0,1
2024-09-01,store_all,choc carm,0.2702226715839033,0,5.578357014974058,0.0,1
2024-09-01,store_all,choc oh,0.00010864186595479706,0,2.620608912428987,0.0,1
2024-09-01,store_all,choc ohh,0.4733697582095077,0,4.84389836488973,0.0,1
2024-09-01,store_all,choc ohhh,0.00010272661191136185,0,4.554214937176936,0.0,1
2024-09-01,store_all,cin ap,0.00010303101451271714,0,3.956499830590495,0.0,1
2024-09-01,store_all,cin chip,0.0001099803105297509,0,2.674991749877067,0.0,1
2024-09-01,store_all,cinnamon,0.8582896143204127,1,76.53673481831463,76.53673481831463,1
2024-09-01,store_all,cj,0.00011004747127341414,0,2.620608912428987,0.0,1
2024-09-01,store_all,cna,0.00010966139950611128,0,2.620608912428987,0.0,1
2024-09-01,store_all,cne,0.3364141488039773,0,3.975373274850523,0.0,1
2024-09-01,store_all,cne tree,0.3756236038200212,0,3.296827329760252,0.0,1
2024-09-01,store_all,cnr,0.5555446041062626,1,2.949279004189813,2.949279004189813,1
2024-09-01,store_all,cnw,0.5235024742386253,1,2.620608912428987,2.620608912428987,1
2024-09-01,store_all,coc choc,0.0001104638988685575,0,2.65959557647702,0.0,1
2024-09-01,store_all,coco choc,0.30977553040863787,0,4.227306995058635,0.0,1
2024-09-01,store_all,coco waln,0.2644803422382203,0,6.644686082577507,0.0,1
2024-09-01,store_all,coconut,0.6602811833781972,1,2.620608912428987,2.620608912428987,1
2024-09-01,store_all,cookies,0.00010272661191136185,0,4.554214937176936,0.0,1
2024-09-01,store_all,cr or wcc,0.00010731349466810153,0,4.554214937176936,0.0,1
2024-09-01,store_all,cr or wchoc,0.00010272661191136185,0,4.554214937176936,0.0,1
2024-09-01,store_all,cr orang,0.00010272661191136185,0,4.554214937176936,0.0,1
2024-09-01,store_all,cr orange,0.00010272661191136185,0,4.554214937176936,0.0,1
2024-09-01,store_all,cr-ap pie,0.0001077889379170188,0,3.218324019015425,0.0,1
2024-09-01,store_all,cran,0.00014736274886576056,0,2.620608912428987,0.0,1
2024-09-01,store_all,cran ap,9.346001201660099e-05,0,2.8365137619428107,0.0,1
2024-09-01,store_all,cran choc,0.00013225083874012273,0,2.620608912428987,0.0,1
2024-09-01,store_all,cran orang,0.00010272661191136185,0,4.554214937176936,0.0,1
2024-09-01,store_all,cran orange,0.0001643087394043634,0,4.59472138045526,0.0,1
2024-09-01,store_all,cran w choc,0.41456888494728056,0,7.2132708313658735,0.0,1
2024-09-01,store_all,cran wcc,0.00010272661191136185,0,4.554214937176936,0.0,1
2024-09-01,store_all,cran white cho,0.11316462837129969,0,13.878660619650608,0.0,1
2024-09-01,store_all,cran white choc,0.40865901268315485,0,3.788956829827636,0.0,1
2024-09-01,store_all,cran-apple,0.00010272661191136185,0,4.554214937176936,0.0,1
2024-09-01,store_all,cro,0.0001474402825474219,0,4.593161046815317,0.0,1
2024-09-01,store_all,cro rls,0.00010944142321380898,0,3.218324019015425,0.0,1
2024-09-01,store_all,cro-rls,0.00011166984487209209,0,4.488302956718771,0.0,1
2024-09-01,store_all,cro-wcc,0.00015250782490251695,0,3.3670296693243347,0.0,1
2024-09-01,store_all,cro-wchoc,0.00010272661191136185,0,4.554214937176936,0.0,1
2024-09-01,store_all,csrwl,0.00015391165672528357,0,5.447374377130038,0.0,1
2024-09-01,store_all,cswrl,0.10593064367211136,0,7.755209809570894,0.0,1
2024-09-01,store_all,dk,0.20849817558668265,0,5.7796398010743655,0.0,1
2024-09-01,store_all,dry stuf,0.00010272661191136185,0,4.554214937176936,0.0,1
2024-09-01,store_all,eb,0.00010272661191136185,0,4.554214937176936,0.0,1
2024-09-01,store_all,eggnog,0.3605574267252644,0,6.120699392818325,0.0,1
2024-09-01,store_all,fr,0.1369613068231536,0,8.234412227705919,0.0,1
2024-09-01,store_all,fr tree,0.00010272661191136185,0,4.554214937176936,0.0,1
2024-09-01,store_all,fr-rls,0.46081797798237867,0,2.7512658953629336,0.0,1
2024-09-01,store_all,frosted,0.07016908829574788,0,9.27421051649392,0.0,1
2024-09-01,store_all,frosted sugar,0.00018629371260845117,0,4.9933421127771735,0.0,1
2024-09-01,store_all,fruit bar,0.00010272661191136185,0,4.554214937176936,0.0,1
2024-09-01,store_all,fruit medley,0.22745599236458383,0,6.910019308969017,0.0,1
2024-09-01,store_all,g s,0.16951659507175837,0,4.294159860356334,0.0,1
2024-09-01,store_all,gf,0.10183161578733174,0,34.137985210231975,0.0,1
2024-09-01,store_all,ginger,0.00013807316964365172,0,3.1075914161717706,0.0,1
2024-09-01,store_all,gingerbread,0.3215759908879261,0,5.00500739018142,0.0,1
2024-09-01,store_all,glut-x cin,0.00010270396278527682,0,4.554214937176936,0.0,1
2024-09-01,store_all,gluten-x,0.00010427849972789064,0,4.554214937176936,0.0,1
2024-09-01,store_all,gw,0.2536188382027533,0,2.766662068762981,0.0,1
2024-09-01,store_all,gw buns,0.00010275678958368957,0,2.620608912428987,0.0,1
2024-09-01,store_all,gw-buns,9.073102972061752e-05,0,2.620608912428987,0.0,1
2024-09-01,store_all,h,0.12163635843340707,0,6.209934825022118,0.0,1
2024-09-01,store_all,h-rls,0.5004702418309603,1,2.91029234014178,2.91029234014178,1
2024-09-01,store_all,h5,0.4079327171685762,0,2.843008956835321,0.0,1
2024-09-01,store_all,h5-blue,0.00010563189472916266,0,4.554214937176936,0.0,1
2024-09-01,store_all,h5cran,0.7529910718142989,1,8.738988719967184,8.738988719967184,1
2024-09-01,store_all,harvest raisin,0.17283454292931463,0,9.294032379655905,0.0,1
2024-09-01,store_all,hawaiian,0.2134663756212485,0,5.873796290511535,0.0,1
2024-09-01,store_all,hcb,0.0001087059667591639,0,3.221119433585024,0.0,1
2024-09-01,store_all,heart c-roll,0.00010272661191136185,0,4.554214937176936,0.0,1
2024-09-01,store_all,hrvst raisin,0.00010272661191136185,0,4.554214937176936,0.0,1
2024-09-01,store_all,ihf,0.10774273050683499,0,8.151230872462762,0.0,1
2024-09-01,store_all,ir whiskey,0.00010272661191136185,0,4.554214937176936,0.0,1
2024-09-01,store_all,irish wh,0.48711049959123004,0,5.72256285457559,0.0,1
2024-09-01,store_all,irish whis,0.00010272661191136185,0,4.554214937176936,0.0,1
2024-09-01,store_all,irish whisk,0.00011183477425163726,0,3.218324019015425,0.0,1
2024-09-01,store_all,isb,0.00010891296828868898,0,3.150667295651783,0.0,1
2024-09-01,store_all,jal,0.2817745052963844,0,2.766662068762981,0.0,1
2024-09-01,store_all,jal cg,0.5319397539947708,1,2.620608912428987,2.620608912428987,1
2024-09-01,store_all,jalep cg,0.37538435813058374,0,3.296827329760252,0.0,1
2024-09-01,store_all,jcb,0.15427863808515777,0,8.925667082365456,0.0,1
2024-09-01,store_all,kahuna,0.1514778111553316,0,6.279620143106422,0.0,1
2024-09-01,store_all,kahuna bar,0.8419108209626693,1,13.138251625248142,13.138251625248142,1
2024-09-01,store_all,king,0.00010935779679469213,0,4.741648144838373,0.0,1
2024-09-01,store_all,lem blue,0.5403459499245543,1,2.91029234014178,2.91029234014178,1
2024-09-01,store_all,lem blue p,0.7468301059308143,1,9.529610303438933,9.529610303438933,1
2024-09-01,store_all,lem pop,0.3360906419835613,0,3.335813993808286,0.0,1
2024-09-01,store_all,lem popp,0.7167635730145494,1,3.6017662902635723,3.6017662902635723,1
2024-09-01,store_all,lem poppy,0.6730157331716233,1,3.885718338665886,3.885718338665886,1
2024-09-01,store_all,lemon bar,0.00010787444596880724,0,3.150667295651783,0.0,1
2024-09-01,store_all,lemon bars,0.8505352483164933,1,21.525689478498624,21.525689478498624,1
2024-09-01,store_all,lemon blue,0.747172118456194,1,3.824099730381367,3.824099730381367,1
2024-09-01,store_all,lemon oh,0.4733697582095077,0,4.84389836488973,0.0,1
2024-09-01,store_all,lemon ohh,0.00010341659662876481,0,4.554214937176936,0.0,1
2024-09-01,store_all,lemon ohhh,0.18457721479090994,0,12.313933825212551,0.0,1
2024-09-01,store_all,lemon pop,0.587070312891583,1,3.06316849756734,3.06316849756734,1
2024-09-01,store_all,lemon popp,0.7448200132833759,1,5.186276275686142,5.186276275686142,1
2024-09-01,store_all,m glory,0.7899025377721675,1,4.2695222653593214,4.2695222653593214,1
2024-09-01,store_all,mango,0.0001639488974818604,0,3.0680936027699928,0.0,1
2024-09-01,store_all,map pec,0.00018187499145585096,0,4.21566141230956,0.0,1
2024-09-01,store_all,mex choc,0.00013626059173097973,0,2.7151358075600798,0.0,1
2024-09-01,store_all,mexican choc,0.4057640512981134,0,4.35223786807398,0.0,1
2024-09-01,store_all,mini c-r,0.09101518209484911,0,12.697169270720279,0.0,1
2024-09-01,store_all,mini c-r 12,0.00010272661191136185,0,4.554214937176936,0.0,1
2024-09-01,store_all,mini c-r 24,0.00010272661191136185,0,4.554214937176936,0.0,1
2024-09-01,store_all,mini c-roll,0.0001561416191872609,0,5.461670926859306,0.0,1
2024-09-01,store_all,mint bliss,0.217869803339413,0,9.869037787052845,0.0,1
2024-09-01,store_all,mint choc,0.00018773194160821418,0,4.88774564055283,0.0,1
2024-09-01,store_all,mixed berry,0.00010272661191136185,0,4.554214937176936,0.0,1
2024-09-01,store_all,mixed fruit,0.00011126076490039402,0,2.65959557647702,0.0,1
2024-09-01,store_all,monkey,0.25981302431925346,0,3.575309308997921,0.0,1
2024-09-01,store_all,monster,0.00011660032577112023,0,4.230963979148445,0.0,1
2024-09-01,store_all,mor glor,0.49951572685474427,1,5.230433354508205,5.230433354508205,1
2024-09-01,store_all,morn gl,0.4710234345904484,0,4.84389836488973,0.0,1
2024-09-01,store_all,morn glo,0.48946280917425294,0,5.72256285457559,0.0,1
2024-09-01,store_all,morn glory,0.00015031248463609755,0,2.620608912428987,0.0,1
2024-09-01,store_all,mp swirl,0.34500290979744214,0,5.917766159985741,0.0,1
2024-09-01,store_all,mp swl,0.0001352981161717058,0,3.230241115287645,0.0,1
2024-09-01,store_all,mp swrl,0.00011142204929619151,0,3.218324019015425,0.0,1
2024-09-01,store_all,oat butter,0.315460023625002,0,9.46673132934856,0.0,1
2024-09-01,store_all,oat buttersc,0.8216509766227886,1,16.184086011973715,16.184086011973715,1
2024-09-01,store_all,oat buttsc,0.12052159264467455,0,21.92313428564177,0.0,1
2024-09-01,store_all,oat cc,0.10681634304092621,0,9.910593256362048,0.0,1
2024-09-01,store_all,oat choc,0.7958694543027203,1,20.51724168625462,20.51724168625462,1
2024-09-01,store_all,oat choc chip,0.0001469990753579323,0,5.943311189061469,0.0,1
2024-09-01,store_all,oat raisin,0.00013009859041168893,0,3.7754553436559664,0.0,1
2024-09-01,store_all,oatmeal cc,0.08933851928972004,0,15.257710685720877,0.0,1
2024-09-01,store_all,oatmeal choc,0.8214038691304605,1,20.25355245222348,20.25355245222348,1
2024-09-01,store_all,oatmeal rais,0.8184149794764193,1,13.045247896392258,13.045247896392258,1
2024-09-01,store_all,oatmeal raisin,0.217869803339413,0,9.294032379655905,0.0,1
2024-09-01,store_all,ob,0.4709085599262251,0,3.335813993808286,0.0,1
2024-09-01,store_all,ohhh,0.00010745000705971334,0,3.218324019015425,0.0,1
2024-09-01,store_all,p butter,0.00022054679479864065,0,5.551436423377544,0.0,1
2024-09-01,store_all,p swirl,0.14962751933080434,0,7.116546143290128,0.0,1
2024-09-01,store_all,pap,0.48318166242431265,0,4.84389836488973,0.0,1
2024-09-01,store_all,pastel,0.00012532913462150573,0,3.346551117287228,0.0,1
2024-09-01,store_all,pastel rl,0.00010272661191136185,0,4.554214937176936,0.0,1
2024-09-01,store_all,pastels,0.00010272661191136185,0,4.554214937176936,0.0,1
2024-09-01,store_all,pastl-rls,0.04633398023001682,0,26.006635474261614,0.0,1
2024-09-01,store_all,pb,0.00018586774573106087,0,4.196623324104178,0.0,1
2024-09-01,store_all,pb bliss,0.39354734428414195,0,12.819163823626466,0.0,1
2024-09-01,store_all,pb choc,0.6487162553250028,1,7.678596204606121,7.678596204606121,1
2024-09-01,store_all,pb heart,0.7700685382669117,1,9.162036982222078,9.162036982222078,1
2024-09-01,store_all,pbutter,0.00020573711655717634,0,3.2198588943782327,0.0,1
2024-09-01,store_all,peach,0.0001847948071362303,0,3.98738617617321,0.0,1
2024-09-01,store_all,peach blue,0.1719398234696701,0,5.093885745889425,0.0,1
2024-09-01,store_all,peach cin,0.4417422047391914,0,4.5318749655702995,0.0,1
2024-09-01,store_all,peach cin chip,0.00023100344034072382,0,3.2160354941746596,0.0,1
2024-09-01,store_all,peanut but,0.00015794903675791936,0,5.022963952487968,0.0,1
2024-09-01,store_all,peanut butt,0.591747494262931,1,6.4468019155216245,6.4468019155216245,1
2024-09-01,store_all,peanut butter,0.25525486617908355,0,11.020466809269008,0.0,1
2024-09-01,store_all,pec pie bar,0.3605574267252644,0,6.120699392818325,0.0,1
2024-09-01,store_all,pecan,0.2727383872563939,0,6.091928979425492,0.0,1
2024-09-01,store_all,pecan c-roll,0.00016664871216895308,0,5.850133566381694,0.0,1
2024-09-01,store_all,pecan pie,0.00010888047272129866,0,3.218324019015425,0.0,1
2024-09-01,store_all,pecan sug,0.00010272661191136185,0,4.554214937176936,0.0,1
2024-09-01,store_all,pep brown,0.00010272661191136185,0,4.554214937176936,0.0,1
2024-09-01,store_all,pep brownie,0.00010272661191136185,0,4.554214937176936,0.0,1
2024-09-01,store_all,pepp,0.6156862021593741,1,7.638796500163744,7.638796500163744,1
2024-09-01,store_all,pepp roll,0.2665460204640606,0,3.575309308997921,0.0,1
2024-09-01,store_all,pest,0.27822086443009514,0,2.851909935342858,0.0,1
2024-09-01,store_all,pest cg,0.5093454186416047,1,5.230433354508205,5.230433354508205,1
2024-09-01,store_all,pesto cg,0.00019855325189805677,0,2.620608912428987,0.0,1
2024-09-01,store_all,pies pecan,0.00010272661191136185,0,4.554214937176936,0.0,1
2024-09-01,store_all,po frzr,0.00010272661191136185,0,4.554214937176936,0.0,1
2024-09-01,store_all,pop,0.39630324922709165,0,5.717175636500585,0.0,1
2024-09-01,store_all,pop buns,0.4233227564779747,0,2.620608912428987,0.0,1
2024-09-01,store_all,pum c-roll,0.6581557678861837,1,9.83864734489928,9.83864734489928,1
2024-09-01,store_all,pum choc,0.5076252956573851,1,3.296827329760252,3.296827329760252,1
2024-09-01,store_all,pum crmb,0.0001104652041236708,0,2.620608912428987,0.0,1
2024-09-01,store_all,puma,0.00010748582281898138,0,2.7122792313149007,0.0,1
2024-09-01,store_all,pump,0.22788328026508511,0,13.66616222716071,0.0,1
2024-09-01,store_all,pump bar,0.5783841392541446,1,3.382703714616943,3.382703714616943,1
2024-09-01,store_all,pump bars,0.24190849696594183,0,6.83792058769625,0.0,1
2024-09-01,store_all,pump c-r,0.7229902308294843,1,11.742770345034272,11.742770345034272,1
2024-09-01,store_all,pump c-roll,0.5645500774599344,1,10.492660287995102,10.492660287995102,1
2024-09-01,store_all,pump c-rolls,0.271555489791266,0,8.840349762016462,0.0,1
2024-09-01,store_all,pump cc,0.6401655886202955,1,4.95791169016697,4.95791169016697,1
2024-09-01,store_all,pump ch,0.0002495419367954466,0,4.412985173684467,0.0,1
2024-09-01,store_all,pump choc,0.13985862610422467,0,7.668854921294801,0.0,1
2024-09-01,store_all,pump choc chip,0.2304696522343935,0,8.025535004173442,0.0,1
2024-09-01,store_all,pump cr,0.6772844108835356,1,3.4497034871858125,3.4497034871858125,1
2024-09-01,store_all,pump crb,0.41324019347277086,0,2.91029234014178,0.0,1
2024-09-01,store_all,pump cru,0.38027559598899546,0,4.7110800578295535,0.0,1
2024-09-01,store_all,pump crumb,0.19112357550829584,0,6.001304424302809,0.0,1
2024-09-01,store_all,pump oh,0.00014115602211288086,0,3.371200176440984,0.0,1
2024-09-01,store_all,pump ohh,0.3362896663124942,0,3.296827329760252,0.0,1
2024-09-01,store_all,pump ohhh,0.0001330251443604532,0,3.481470271484414,0.0,1
2024-09-01,store_all,pump pie,0.0001423969062868234,0,5.1246657407664316,0.0,1
2024-09-01,store_all,pump pie sw,0.00013398510138947178,0,4.672665428184826,0.0,1
2024-09-01,store_all,pump spice,0.3712162173953645,0,4.360104740651277,0.0,1
2024-09-01,store_all,pump sw,0.00019116899154143977,0,3.360517500939833,0.0,1
2024-09-01,store_all,pump swl,0.0001431709303709228,0,2.889055578571266,0.0,1
2024-09-01,store_all,pump swrl,0.20845205980472917,0,5.843551181597848,0.0,1
2024-09-01,store_all,pumpkin,0.19349824945909117,0,9.432762990609573,0.0,1
2024-09-01,store_all,pumpkin bars,0.07827935451618569,0,12.686150718500507,0.0,1
2024-09-01,store_all,pumpkin sp,0.00010272661191136185,0,4.554214937176936,0.0,1
2024-09-01,store_all,pumpkin spice,0.739395826897349,1,10.025047258170378,10.025047258170378,1
2024-09-01,store_all,pumpsug cr,0.00010272661191136185,0,4.554214937176936,0.0,1
2024-09-01,store_all,r w blue,0.00010917259668735632,0,3.575309308997921,0.0,1
2024-09-01,store_all,rasp cream,0.00010522657494250197,0,2.8080421200904238,0.0,1
2024-09-01,store_all,rasp-peach,0.00016992722023148501,0,3.651770204127313,0.0,1
2024-09-01,store_all,rcro,0.00010272661191136185,0,4.554214937176936,0.0,1
2024-09-01,store_all,red velv,0.40989140573974336,0,2.620608912428987,0.0,1
2024-09-01,store_all,red velvet,0.6576322885404049,1,2.620608912428987,2.620608912428987,1
2024-09-01,store_all,rg,0.00010272661191136185,0,4.554214937176936,0.0,1
2024-09-01,store_all,rg sour,0.21674514489617044,0,5.9419052770456195,0.0,1
2024-09-01,store_all,rh,0.00010272661191136185,0,4.554214937176936,0.0,1
2024-09-01,store_all,rhu stru,0.00022451134518115787,0,4.875233385000885,0.0,1
2024-09-01,store_all,rv heart,0.24319819196140585,0,4.187093368070373,0.0,1
2024-09-01,store_all,rvs,0.00010272661191136185,0,4.554214937176936,0.0,1
2024-09-01,store_all,rw,0.42819887731074646,0,3.296827329760252,0.0,1
2024-09-01,store_all,rw blue,0.00011183477425163726,0,4.641663728426484,0.0,1
2024-09-01,store_all,rwb,9.419382261208913e-05,0,4.741648144838373,0.0,1
2024-09-01,store_all,rwb streusel,0.774383197419388,1,3.912103706392885,3.912103706392885,1
2024-09-01,store_all,salted car,0.1844729113508471,0,8.021867253539558,0.0,1
2024-09-01,store_all,salted caramel,0.0001528108904987196,0,6.1913161982342375,0.0,1
2024-09-01,store_all,salted carm,0.10374839920114363,0,9.693145110201396,0.0,1
2024-09-01,store_all,savory roll,0.00010272661191136185,0,4.554214937176936,0.0,1
2024-09-01,store_all,sb sour pie,0.00010272661191136185,0,4.554214937176936,0.0,1
2024-09-01,store_all,scones,0.00010272661191136185,0,4.554214937176936,0.0,1
2024-09-01,store_all,smores,0.6458657201929459,1,6.7965319465436975,6.7965319465436975,1
2024-09-01,store_all,snickedoodle,0.00010638879096781075,0,4.741648144838373,0.0,1
2024-09-01,store_all,snicker,0.07827435272487372,0,11.19863456121361,0.0,1
2024-09-01,store_all,snickerdoodle,0.13787414050245975,0,15.719107961920677,0.0,1
2024-09-01,store_all,sno leop,0.0001284077096824119,0,3.218324019015425,0.0,1
2024-09-01,store_all,so,0.000129309148693511,0,2.7512658953629336,0.0,1
2024-09-01,store_all,so-rls,0.00010270396278527682,0,3.218324019015425,0.0,1
2024-09-01,store_all,son,0.00010272661191136185,0,4.554214937176936,0.0,1
2024-09-01,store_all,sonoma,0.3249965252286809,0,3.754673514860467,0.0,1
2024-09-01,store_all,sour,0.00012290766211925377,0,4.546512985916497,0.0,1
2024-09-01,store_all,sour 3c,0.00010427849972789064,0,4.554214937176936,0.0,1
2024-09-01,store_all,sour borg,0.00027311243871270565,0,2.620608912428987,0.0,1
2024-09-01,store_all,sour cc,0.3777525101004773,0,2.91029234014178,0.0,1
2024-09-01,store_all,sour cj,0.00011787053301420968,0,3.218324019015425,0.0,1
2024-09-01,store_all,sour jc,0.00010275678958368957,0,2.620608912428987,0.0,1
2024-09-01,store_all,sour rg,0.00010427849972789064,0,4.554214937176936,0.0,1
2024-09-01,store_all,sour-tl,0.2555921403469754,0,4.410226477731461,0.0,1
2024-09-01,store_all,sourdough,0.00019126911688481957,0,4.325435190115402,0.0,1
2024-09-01,store_all,spider,0.42207275864291044,0,3.296827329760252,0.0,1
2024-09-01,store_all,spiders,0.00015663361442914639,0,2.65959557647702,0.0,1
2024-09-01,store_all,ss swirl,0.3203822807498032,0,4.812265749710887,0.0,1
2024-09-01,store_all,ss swrl,0.6110322945558784,1,6.038903435411387,6.038903435411387,1
2024-09-01,store_all,ssswirl,0.17450460970696216,0,9.04882780031639,0.0,1
2024-09-01,store_all,st nicker,0.0001535793837503385,0,5.606799020868718,0.0,1
2024-09-01,store_all,st nickerdo,0.17236464168685287,0,10.260755440306335,0.0,1
2024-09-01,store_all,st sp sw,0.0002120255755552483,0,4.216490013614427,0.0,1
2024-09-01,store_all,str blue,0.3605574267252644,0,6.120699392818325,0.0,1
2024-09-01,store_all,str peach,0.00018018374821170664,0,3.5863699579098216,0.0,1
2024-09-01,store_all,str rhu,0.617783564550181,1,4.177068299390555,4.177068299390555,1
2024-09-01,store_all,str rhub,0.19855363603459522,0,3.9350099861616337,0.0,1
2024-09-01,store_all,str short,0.7787461603044956,1,2.91029234014178,2.91029234014178,1
2024-09-01,store_all,str shr,0.3955206799740957,0,6.120699392818325,0.0,1
2024-09-01,store_all,straw,0.6320496338741844,1,3.0479105744195523,3.0479105744195523,1
2024-09-01,store_all,straw blue,0.0002049116496352432,0,2.620608912428987,0.0,1
2024-09-01,store_all,straw peach,0.00013469796013794178,0,4.987620338430483,0.0,1
2024-09-01,store_all,straw rhub,0.1309711761520654,0,6.321152709236383,0.0,1
2024-09-01,store_all,straw sh,0.6386418136167918,1,3.8834837249587317,3.8834837249587317,1
2024-09-01,store_all,straw short,0.7090083324550402,1,2.91029234014178,2.91029234014178,1
2024-09-01,store_all,stuf,0.0001285542928571071,0,3.6241478716103104,0.0,1
2024-09-01,store_all,stuffing,0.00017064922883627056,0,4.976878683277276,0.0,1
2024-09-01,store_all,sugar cream,0.2993572634513603,0,7.971986313881895,0.0,1
2024-09-01,store_all,sugar pie,0.00010272661191136185,0,4.554214937176936,0.0,1
2024-09-01,store_all,take-n-bake,0.04510826010847469,0,24.560546860015616,0.0,1
2024-09-01,store_all,tcc heart,0.23408467942301067,0,7.427819897587009,0.0,1
2024-09-01,store_all,tea cakes,0.00010272661191136185,0,4.554214937176936,0.0,1
2024-09-01,store_all,totals,0.4082115771800305,0,177.56505662903888,0.0,1
2024-09-01,store_all,tree,0.00010272661191136185,0,4.554214937176936,0.0,1
2024-09-01,store_all,treebut,0.00010272661191136185,0,4.554214937176936,0.0,1
2024-09-01,store_all,treeh,0.00010272661191136185,0,4.554214937176936,0.0,1
2024-09-01,store_all,treevs,0.00010272661191136185,0,4.554214937176936,0.0,1
2024-09-01,store_all,triple berry,0.23460026588482255,0,3.9350099861616337,0.0,1
2024-09-01,store_all,triple cc,0.07786941080858191,0,10.611272565773463,0.0,1
2024-09-01,store_all,triple choc,0.1628028684592177,0,3.740758206082806,0.0,1
2024-09-01,store_all,ts,0.00011210105424413317,0,3.218324019015425,0.0,1
2024-09-01,store_all,turkey,0.00019817840590101866,0,4.101297117739941,0.0,1
2024-09-01,store_all,turkeys,0.0001664489546743414,0,5.341723840814094,0.0,1
2024-09-01,store_all,turtle,0.06471033379172163,0,8.417772842304421,0.0,1
2024-09-01,store_all,va swirl,0.805011185355864,1,11.447865431690317,11.447865431690317,1
2024-09-01,store_all,va swrl,0.000136061313597152,0,2.648475527106179,0.0,1
2024-09-01,store_all,van alm,0.00010272661191136185,0,4.554214937176936,0.0,1
2024-09-01,store_all,vaswrl,0.27543851052533597,0,4.285627323148409,0.0,1
2024-09-01,store_all,vmwc cran,0.00010272661191136185,0,4.554214937176936,0.0,1
2024-09-01,store_all,vmwcc,0.00010272661191136185,0,4.554214937176936,0.0,1
2024-09-01,store_all,vs,0.5469482486984859,1,2.620608912428987,2.620608912428987,1
2024-09-01,store_all,vs buns,0.00010731349466810153,0,3.218324019015425,0.0,1
2024-09-01,store_all,vs pep rl,0.2949939822014341,0,3.653640532477611,0.0,1
2024-09-01,store_all,vs-buns,0.3132156168865466,0,3.788956829827636,0.0,1
2024-09-01,store_all,vs-rls,0.00010866157160409662,0,2.7512658953629336,0.0,1
2024-09-01,store_all,w,0.4480471993831314,0,3.995486494638527,0.0,1
2024-09-01,store_all,wc,0.00010272661191136185,0,4.554214937176936,0.0,1
2024-09-01,store_all,witch f,0.00010272661191136185,0,4.554214937176936,0.0,1
2024-09-01,store_all,wreath,0.0001126717488784065,0,3.218324019015425,0.0,1
2024-09-02,store_all,12 mini c-r,0.00021083416905272478,0,2.674991749877067,0.0,2
2024-09-02,store_all,24 mini c-r,0.00012666433006790619,0,4.554214937176936,0.0,2
2024-09-02,store_all,3ch sour,0.0005329824007937684,0,2.9735667076389,0.0,2
2024-09-02,store_all,9g,0.00047018751686961997,0,2.7512658953629336,0.0,2
2024-09-02,store_all,9g-blue,0.00012666433006790619,0,4.554214937176936,0.0,2
2024-09-02,store_all,aa,0.00023045567671743788,0,3.218324019015425,0.0,2
2024-09-02,store_all,acw,0.0003547309643762571,0,2.65959557647702,0.0,2
2024-09-02,store_all,acw sw,0.00041211121411502627,0,2.620608912428987,0.0,2
2024-09-02,store_all,almond joy,0.00031849478331096373,0,3.8649605417489137,0.0,2
2024-09-02,store_all,angels,0.00027100758346671497,0,3.309994337901338,0.0,2
2024-09-02,store_all,ap,0.0003840580961468567,0,2.620608912428987,0.0,2
2024-09-02,store_all,ap ap cran,0.00012666433006790619,0,4.554214937176936,0.0,2
2024-09-02,store_all,ap blast,0.00012666433006790619,0,4.554214937176936,0.0,2
2024-09-02,store_all,ap swirl,0.0001891393164491085,0,2.9386991030243705,0.0,2
2024-09-02,store_all,ap swrl,0.000939566491029746,0,4.884626262544659,0.0,2
2024-09-02,store_all,apap cran,0.00012666433006790619,0,4.554214937176936,0.0,2
2024-09-02,store_all,apb,0.000616797130435856,0,2.758227146706759,0.0,2
2024-09-02,store_all,apl swl,0.00032494340681497066,0,4.1243051102540225,0.0,2
2024-09-02,store_all,apl swrl,0.00012666433006790619,0,4.554214937176936,0.0,2
2024-09-02,store_all,app,0.00019334083397034516,0,3.218324019015425,0.0,2
2024-09-02,store_all,app cran,0.00024924436923973284,0,2.620608912428987,0.0,2
2024-09-02,store_all,app crum,0.0002535285318689215,0,2.7777562546194514,0.0,2
2024-09-02,store_all,app crumb,0.0009382001332976629,0,4.691280703477401,0.0,2
2024-09-02,store_all,app swrl,0.00048544577874011166,0,4.482600707578949,0.0,2
2024-09-02,store_all,appcran,0.00019476775008441037,0,3.218324019015425,0.0,2
2024-09-02,store_all,appl swrl,0.00048233051190218817,0,3.99323454150389,0.0,2
2024-09-02,store_all,apple cin,0.00040264004650832216,0,2.65959557647702,0.0,2
2024-09-02,store_all,apple cr,0.0003296773888648642,0,2.620608912428987,0.0,2
2024-09-02,store_all,apple cran,0.000834011995350944,0,3.5528179280690613,0.0,2
2024-09-02,store_all,apple cru,0.00031180153029151725,0,3.956499830590495,0.0,2
2024-09-02,store_all,apple crunch,0.0006896954183961339,0,3.3627800156921954,0.0,2
2024-09-02,store_all,apple swrl,0.00012666433006790619,0,4.554214937176936,0.0,2
2024-09-02,store_all,autumn rais,0.0003821586230072719,0,3.2198588943782327,0.0,2
2024-09-02,store_all,aw,0.00035570634501135283,0,2.620608912428987,0.0,2
2024-09-02,store_all,babka,0.000558476546837921,0,3.6017996682544386,0.0,2
2024-09-02,store_all,bac,0.00016377929905627594,0,3.218324019015425,0.0,2
2024-09-02,store_all,ban choc,0.00023177743779466604,0,4.62483254204945,0.0,2
2024-09-02,store_all,ban nut,0.000571049262754904,0,2.620608912428987,0.0,2
2024-09-02,store_all,banana,0.0002036540846868069,0,4.554214937176936,0.0,2
2024-09-02,store_all,banana choc,0.0003183763720838259,0,3.956499830590495,0.0,2
2024-09-02,store_all,banana crumb,0.00033006420294266997,0,3.995486494638527,0.0,2
2024-09-02,store_all,banana nut,0.00033006420294266997,0,3.995486494638527,0.0,2
2024-09-02,store_all,bars,0.00012666433006790619,0,4.554214937176936,0.0,2
2024-09-02,store_all,bfb,0.0005159449123825413,0,2.691226517301502,0.0,2
2024-09-02,store_all,biscuit,0.00012666433006790619,0,4.554214937176936,0.0,2
2024-09-02,store_all,biscuits,0.00012666433006790619,0,4.554214937176936,0.0,2
2024-09-02,store_all,blarney,0.00021352699299646166,0,4.6464935559516585,0.0,2
2024-09-02,store_all,bliss,0.00012666433006790619,0,4.554214937176936,0.0,2
2024-09-02,store_all,blue,0.00030261451863388935,0,2.620608912428987,0.0,2
2024-09-02,store_all,blue steusel,0.00012666433006790619,0,4.554214937176936,0.0,2
2024-09-02,store_all,blue str,0.0009106926708735926,0,4.362258522353017,0.0,2
2024-09-02,store_all,blue streu,0.00031180153029151725,0,3.995486494638527,0.0,2
2024-09-02,store_all,blue streus,0.00012666433006790619,0,4.554214937176936,0.0,2
2024-09-02,store_all,blue streusel,0.0003587547324929112,0,2.620608912428987,0.0,2
2024-09-02,store_all,blue stru,0.000762388854394237,0,4.623788393296258,0.0,2
2024-09-02,store_all,blue struesel,0.0008238490380953686,0,3.8525512282552232,0.0,2
2024-09-02,store_all,blueberry,0.00021856283345205246,0,4.159861923581428,0.0,2
2024-09-02,store_all,borg,0.00012666433006790619,0,4.554214937176936,0.0,2
2024-09-02,store_all,borg sour,0.0002500575102460162,0,2.620608912428987,0.0,2
2024-09-02,store_all,bread pudding,0.00012666433006790619,0,4.554214937176936,0.0,2
2024-09-02,store_all,brown,0.000541315179551577,0,3.255107374602932,0.0,2
2024-09-02,store_all,brownie,0.0006866293354217573,0,4.787377538603773,0.0,2
2024-09-02,store_all,brownies,0.0007625732756792071,0,4.070956364531767,0.0,2
2024-09-02,store_all,bunnies,0.0003115846077141039,0,2.65959557647702,0.0,2
2024-09-02,store_all,bunny,0.000218303600233025,0,2.620608912428987,0.0,2
2024-09-02,store_all,but,0.00012666433006790619,0,4.554214937176936,0.0,2
2024-09-02,store_all,but rls,0.0002054897921932623,0,4.159861923581428,0.0,2
2024-09-02,store_all,but-rls,0.0001928970396339122,0,3.8724073772245515,0.0,2
2024-09-02,store_all,butr,0.00012666433006790619,0,4.554214937176936,0.0,2
2024-09-02,store_all,butt almd,0.00018689492260040748,0,3.575309308997921,0.0,2
2024-09-02,store_all,butt almond,0.00018390215234118042,0,3.505411456585344,0.0,2
2024-09-02,store_all,c appl choc,0.00012666433006790619,0,4.554214937176936,0.0,2
2024-09-02,store_all,c-r heart,0.000248891526999762,0,2.620608912428987,0.0,2
2024-09-02,store_all,c-r tree,0.00012548933617050146,0,3.309994337901338,0.0,2
2024-09-02,store_all,c-roll tree,0.00020185009019600892,0,3.218324019015425,0.0,2
2024-09-02,store_all,c-rolls,0.0010943437421201832,0,7.79220502448444,0.0,2
2024-09-02,store_all,candy cane,0.00012666433006790619,0,4.554214937176936,0.0,2
2024-09-02,store_all,cap choc,0.00018713885011119612,0,3.956499830590495,0.0,2
2024-09-02,store_all,capp choc,0.0006380190604297415,0,3.1842193930054994,0.0,2
2024-09-02,store_all,car,0.00033923729782483884,0,3.6527375513908615,0.0,2
2024-09-02,store_all,car apple,0.0007739503668269966,0,5.029662274117907,0.0,2
2024-09-02,store_all,carm ap choc,0.00012666433006790619,0,4.554214937176936,0.0,2
2024-09-02,store_all,carm apple,0.0005364332362038336,0,3.1469349421746577,0.0,2
2024-09-02,store_all,cashew cr,0.000592575299287031,0,4.632260140132432,0.0,2
2024-09-02,store_all,cashew crunch,0.0006258522345282696,0,4.028645884351362,0.0,2
2024-09-02,store_all,cb,0.00048817164046764216,0,2.620608912428987,0.0,2
2024-09-02,store_all,cc,0.00013766894102012933,0,3.218324019015425,0.0,2
2024-09-02,store_all,cc heart,0.0003797529629512174,0,2.620608912428987,0.0,2
2024-09-02,store_all,cg,0.0004905970089253117,0,2.7512658953629336,0.0,2
2024-09-02,store_all,cg-buns,0.00015068786281053124,0,4.554214937176936,0.0,2
2024-09-02,store_all,cg-jal,0.00047690849693668577,0,2.620608912428987,0.0,2
2024-09-02,store_all,cg-pesto,0.0006332984875985789,0,3.1492576622402404,0.0,2
2024-09-02,store_all,ch,0.0004985877393021396,0,4.471381418341787,0.0,2
2024-09-02,store_all,ch carm,0.00012666433006790619,0,4.554214937176936,0.0,2
2024-09-02,store_all,ch ch ohhh,0.00012666433006790619,0,4.554214937176936,0.0,2
2024-09-02,store_all,ch orange,0.00012666433006790619,0,4.554214937176936,0.0,2
2024-09-02,store_all,ch ra ohhh,0.00012805274745904334,0,3.218324019015425,0.0,2
2024-09-02,store_all,ch ras ohhh,0.00012666433006790619,0,4.554214937176936,0.0,2
2024-09-02,store_all,ch-raisin,0.0001934635787508033,0,2.620608912428987,0.0,2
2024-09-02,store_all,challah,0.00012666433006790619,0,4.554214937176936,0.0,2
2024-09-02,store_all,cheet,0.0002958847673756089,0,2.620608912428987,0.0,2
2024-09-02,store_all,cheetah,0.0004443796957547268,0,3.065419429071904,0.0,2
2024-09-02,store_all,cherry,0.0005238851291641782,0,3.575309308997921,0.0,2
2024-09-02,store_all,choc bliss,0.0007764272505204449,0,4.275267318238599,0.0,2
2024-09-02,store_all,choc car,0.00039255547852542393,0,2.65959557647702,0.0,2
2024-09-02,store_all,choc carm,0.00064653970310079,0,3.269635305588808,0.0,2
2024-09-02,store_all,choc oh,0.00023564655224092562,0,2.620608912428987,0.0,2
2024-09-02,store_all,choc ohh,0.00012666433006790619,0,4.554214937176936,0.0,2
2024-09-02,store_all,choc ohhh,0.00012666433006790619,0,4.554214937176936,0.0,2
2024-09-02,store_all,cin ap,0.00031721353828853267,0,3.956499830590495,0.0,2
2024-09-02,store_all,cin chip,0.0006859763612437547,0,3.411024929598662,0.0,2
2024-09-02,store_all,cinnamon,0.00040690336270942577,0,7.4180250142369815,0.0,2
2024-09-02,store_all,cj,0.0003179611311312845,0,2.620608912428987,0.0,2
2024-09-02,store_all,cna,0.0004277290937696677,0,2.620608912428987,0.0,2
2024-09-02,store_all,cne,0.0006819855654359125,0,3.744039109432195,0.0,2
2024-09-02,store_all,cne tree,0.0002411711679609775,0,2.620608912428987,0.0,2
2024-09-02,store_all,cnr,0.0005890157301782106,0,2.691061050362228,0.0,2
2024-09-02,store_all,cnw,0.00042599104762135924,0,2.620608912428987,0.0,2
2024-09-02,store_all,coc choc,0.000540566103762238,0,2.891740705885885,0.0,2
2024-09-02,store_all,coco choc,0.0007714247268754877,0,3.7296986177150475,0.0,2
2024-09-02,store_all,coco waln,0.00012666433006790619,0,4.554214937176936,0.0,2
2024-09-02,store_all,coconut,0.0005613639176739293,0,2.620608912428987,0.0,2
2024-09-02,store_all,cookies,0.00012666433006790619,0,4.554214937176936,0.0,2
2024-09-02,store_all,cr or wcc,0.00023177743779466604,0,4.554214937176936,0.0,2
2024-09-02,store_all,cr or wchoc,0.00012666433006790619,0,4.554214937176936,0.0,2
2024-09-02,store_all,cr orang,0.00012666433006790619,0,4.554214937176936,0.0,2
2024-09-02,store_all,cr orange,0.00012666433006790619,0,4.554214937176936,0.0,2
2024-09-02,store_all,cr-ap pie,0.00016377929905627594,0,3.218324019015425,0.0,2
2024-09-02,store_all,cran,0.000350128595381255,0,2.620608912428987,0.0,2
2024-09-02,store_all,cran ap,0.0004167098885248279,0,2.7122792313149007,0.0,2
2024-09-02,store_all,cran choc,0.00020823318807972868,0,2.620608912428987,0.0,2
2024-09-02,store_all,cran orang,0.00012666433006790619,0,4.554214937176936,0.0,2
2024-09-02,store_all,cran orange,0.00031440796128458535,0,4.903406906048833,0.0,2
2024-09-02,store_all,cran w choc,0.000273840235937358,0,4.080734361218407,0.0,2
2024-09-02,store_all,cran wcc,0.00012666433006790619,0,4.554214937176936,0.0,2
2024-09-02,store_all,cran white cho,0.00012666433006790619,0,4.554214937176936,0.0,2
2024-09-02,store_all,cran white choc,0.00042696997347257563,0,2.620608912428987,0.0,2
2024-09-02,store_all,cran-apple,0.00012666433006790619,0,4.554214937176936,0.0,2
2024-09-02,store_all,cro,0.0005813431306196995,0,3.588693012647784,0.0,2
2024-09-02,store_all,cro rls,0.00022720316204455322,0,3.218324019015425,0.0,2
2024-09-02,store_all,cro-rls,0.0002263544990861359,0,3.6241478716103104,0.0,2
2024-09-02,store_all,cro-wcc,0.00020040394145248215,0,2.782731369248142,0.0,2
2024-09-02,store_all,cro-wchoc,0.00012666433006790619,0,4.554214937176936,0.0,2
2024-09-02,store_all,csrwl,0.0009015709207665601,0,5.281787880876091,0.0,2
2024-09-02,store_all,cswrl,0.0009488781940009975,0,6.00469503755753,0.0,2
2024-09-02,store_all,dk,0.0008011500872316921,0,4.57496865877015,0.0,2
2024-09-02,store_all,dry stuf,0.00012666433006790619,0,4.554214937176936,0.0,2
2024-09-02,store_all,eb,0.00012666433006790619,0,4.554214937176936,0.0,2
2024-09-02,store_all,eggnog,0.00012666433006790619,0,4.554214937176936,0.0,2
2024-09-02,store_all,fr,0.0008365405239221616,0,5.688873468229168,0.0,2
2024-09-02,store_all,fr tree,0.00012805274745904334,0,3.218324019015425,0.0,2
2024-09-02,store_all,fr-rls,0.0004647294373647876,0,2.7512658953629336,0.0,2
2024-09-02,store_all,frosted,0.00062048313875972,0,4.159861923581428,0.0,2
2024-09-02,store_all,frosted sugar,0.0007258162839869143,0,4.510082262189393,0.0,2
2024-09-02,store_all,fruit bar,0.00012666433006790619,0,4.554214937176936,0.0,2
2024-09-02,store_all,fruit medley,0.0008489904356384324,0,4.348574513027203,0.0,2
2024-09-02,store_all,g s,0.00044919489915462585,0,2.8222022998460408,0.0,2
2024-09-02,store_all,gf,0.000458838052012335,0,7.197904240545694,0.0,2
2024-09-02,store_all,ginger,0.0005174621046750388,0,3.183630719569678,0.0,2
2024-09-02,store_all,gingerbread,0.0005954195439347466,0,5.046185204752069,0.0,2
2024-09-02,store_all,glut-x cin,0.00013622083583968834,0,4.554214937176936,0.0,2
2024-09-02,store_all,gluten-x,0.00017386783682081186,0,4.554214937176936,0.0,2
2024-09-02,store_all,gw,0.0005600251995997266,0,2.766662068762981,0.0,2
2024-09-02,store_all,gw buns,0.00022942247595768962,0,2.620608912428987,0.0,2
2024-09-02,store_all,gw-buns,0.00031776190129989893,0,2.620608912428987,0.0,2
2024-09-02,store_all,h,0.0004842178685467358,0,4.234989716380722,0.0,2
2024-09-02,store_all,h-rls,0.00040336327109644337,0,2.620608912428987,0.0,2
2024-09-02,store_all,h5,0.00021865615257157388,0,2.843008956835321,0.0,2
2024-09-02,store_all,h5-blue,0.00012666433006790619,0,4.554214937176936,0.0,2
2024-09-02,store_all,h5cran,0.0005951573771234895,0,3.0944243643566076,0.0,2
2024-09-02,store_all,harvest raisin,0.000336766766673468,0,3.9310787044872595,0.0,2
2024-09-02,store_all,hawaiian,0.000250653202504436,0,2.620608912428987,0.0,2
2024-09-02,store_all,hcb,0.00037370216235667266,0,3.221119433585024,0.0,2
2024-09-02,store_all,heart c-roll,0.00012666433006790619,0,4.554214937176936,0.0,2
2024-09-02,store_all,hrvst raisin,0.00012666433006790619,0,4.554214937176936,0.0,2
2024-09-02,store_all,ihf,0.00047081626474914035,0,4.199524082092412,0.0,2
2024-09-02,store_all,ir whiskey,0.00012666433006790619,0,4.554214937176936,0.0,2
2024-09-02,store_all,irish wh,0.00012666433006790619,0,4.554214937176936,0.0,2
2024-09-02,store_all,irish whis,0.00012666433006790619,0,4.554214937176936,0.0,2
2024-09-02,store_all,irish whisk,0.00027588108941541416,0,3.218324019015425,0.0,2
2024-09-02,store_all,isb,0.0005552761000706441,0,3.150667295651783,0.0,2
2024-09-02,store_all,jal,0.0004643567789349054,0,2.766662068762981,0.0,2
2024-09-02,store_all,jal cg,0.00041106149706966093,0,2.620608912428987,0.0,2
2024-09-02,store_all,jalep cg,0.0003318988173088375,0,2.620608912428987,0.0,2
2024-09-02,store_all,jcb,0.0001891606783222301,0,2.963234087990347,0.0,2
2024-09-02,store_all,kahuna,0.00021294797514978555,0,3.026432765023872,0.0,2
2024-09-02,store_all,kahuna bar,0.0002301630935357969,0,3.380648656831724,0.0,2
2024-09-02,store_all,king,0.00020254663421419086,0,4.741648144838373,0.0,2
2024-09-02,store_all,lem blue,0.0005687637312301064,0,2.620608912428987,0.0,2
2024-09-02,store_all,lem blue p,0.0009853311212044687,0,5.631470948133705,0.0,2
2024-09-02,store_all,lem pop,0.0005974773410329637,0,3.3327056752124142,0.0,2
2024-09-02,store_all,lem popp,0.0006805282948506687,0,3.0452509257751257,0.0,2
2024-09-02,store_all,lem poppy,0.0004329953318794113,0,3.6287143084118187,0.0,2
2024-09-02,store_all,lemon bar,0.00028362895231021963,0,3.150667295651783,0.0,2
2024-09-02,store_all,lemon bars,0.000389399892059905,0,4.505263153534784,0.0,2
2024-09-02,store_all,lemon blue,0.0003511493794161657,0,2.620608912428987,0.0,2
2024-09-02,store_all,lemon oh,0.00012666433006790619,0,4.554214937176936,0.0,2
2024-09-02,store_all,lemon ohh,0.00015173339288435394,0,4.554214937176936,0.0,2
2024-09-02,store_all,lemon ohhh,0.00012666433006790619,0,4.554214937176936,0.0,2
2024-09-02,store_all,lemon pop,0.0005893191441725121,0,2.620608912428987,0.0,2
2024-09-02,store_all,lemon popp,0.0004634923629356145,0,2.620608912428987,0.0,2
2024-09-02,store_all,m glory,0.0006217667829300618,0,2.788626119387241,0.0,2
2024-09-02,store_all,mango,0.00023645857770930047,0,2.65959557647702,0.0,2
2024-09-02,store_all,map pec,0.0008178461291717051,0,4.566804142616165,0.0,2
2024-09-02,store_all,mex choc,0.0006866394293627513,0,3.0874562010164257,0.0,2
2024-09-02,store_all,mexican choc,0.0006678052238330218,0,3.018734544050535,0.0,2
2024-09-02,store_all,mini c-r,0.00018573243056358061,0,3.405757226676861,0.0,2
2024-09-02,store_all,mini c-r 12,0.00012666433006790619,0,4.554214937176936,0.0,2
2024-09-02,store_all,mini c-r 24,0.00012666433006790619,0,4.554214937176936,0.0,2
2024-09-02,store_all,mini c-roll,0.0003941797866802597,0,8.719694596850369,0.0,2
2024-09-02,store_all,mint bliss,0.00012666433006790619,0,4.554214937176936,0.0,2
2024-09-02,store_all,mint choc,0.0004846795910112823,0,4.748164474162101,0.0,2
2024-09-02,store_all,mixed berry,0.00012666433006790619,0,4.554214937176936,0.0,2
2024-09-02,store_all,mixed fruit,0.0002626897925852211,0,2.65959557647702,0.0,2
2024-09-02,store_all,monkey,0.0003465717987819428,0,3.575309308997921,0.0,2
2024-09-02,store_all,monster,0.000695181377513224,0,4.66998087514172,0.0,2
2024-09-02,store_all,mor glor,0.00016443170813653027,0,4.554214937176936,0.0,2
2024-09-02,store_all,morn gl,0.00012666433006790619,0,4.554214937176936,0.0,2
2024-09-02,store_all,morn glo,0.00012666433006790619,0,4.554214937176936,0.0,2
2024-09-02,store_all,morn glory,0.0005350017790781384,0,2.758227146706759,0.0,2
2024-09-02,store_all,mp swirl,0.0003220074845231382,0,4.079638160398289,0.0,2
2024-09-02,store_all,mp swl,0.0005910670063554966,0,3.0853485523150286,0.0,2
2024-09-02,store_all,mp swrl,0.00031178480030838,0,3.218324019015425,0.0,2
2024-09-02,store_all,oat butter,0.0008036737846725563,0,4.19558860267222,0.0,2
2024-09-02,store_all,oat buttersc,0.0010834516851079233,0,5.986115523883574,0.0,2
2024-09-02,store_all,oat buttsc,0.00024048241981313467,0,4.0185928223456635,0.0,2
2024-09-02,store_all,oat cc,0.0009718550521327038,0,6.445780256125412,0.0,2
2024-09-02,store_all,oat choc,0.0006932013754647297,0,4.72948376926123,0.0,2
2024-09-02,store_all,oat choc chip,0.0007940816839479532,0,5.24628368183227,0.0,2
2024-09-02,store_all,oat raisin,0.0005359695476586779,0,3.653640532477611,0.0,2
2024-09-02,store_all,oatmeal cc,0.0001949820470391389,0,3.150667295651783,0.0,2
2024-09-02,store_all,oatmeal choc,0.0009328108709556044,0,6.301236144631929,0.0,2
2024-09-02,store_all,oatmeal rais,0.0005883160665003833,0,4.137881764216025,0.0,2
2024-09-02,store_all,oatmeal raisin,0.00012666433006790619,0,4.554214937176936,0.0,2
2024-09-02,store_all,ob,0.000488849667744929,0,2.65959557647702,0.0,2
2024-09-02,store_all,ohhh,0.0001792097949659289,0,3.218324019015425,0.0,2
2024-09-02,store_all,p butter,0.0006382418836033012,0,4.253913397362127,0.0,2
2024-09-02,store_all,p swirl,0.0007695971832108964,0,4.685760378410532,0.0,2
2024-09-02,store_all,pap,0.00012666433006790619,0,4.554214937176936,0.0,2
2024-09-02,store_all,pastel,0.0005015532528542528,0,4.163721359800807,0.0,2
2024-09-02,store_all,pastel rl,0.00012666433006790619,0,4.554214937176936,0.0,2
2024-09-02,store_all,pastels,0.00012666433006790619,0,4.554214937176936,0.0,2
2024-09-02,store_all,pastl-rls,0.00012666433006790619,0,4.554214937176936,0.0,2
2024-09-02,store_all,pb,0.00025718738873145336,0,3.6881721154517533,0.0,2
2024-09-02,store_all,pb bliss,0.00032668463032087497,0,4.117033289218632,0.0,2
2024-09-02,store_all,pb choc,0.000972337830281084,0,5.486501303643655,0.0,2
2024-09-02,store_all,pb heart,0.0003950987133078756,0,4.348591824070162,0.0,2
2024-09-02,store_all,pbutter,0.0006672233141253924,0,5.526348029491232,0.0,2
2024-09-02,store_all,peach,0.00034563096791040453,0,3.617610109556764,0.0,2
2024-09-02,store_all,peach blue,0.000805937970475081,0,3.6780402767957363,0.0,2
2024-09-02,store_all,peach cin,0.0005827041142736933,0,3.6735299746026553,0.0,2
2024-09-02,store_all,peach cin chip,0.0007434689982594849,0,3.7122794693809325,0.0,2
2024-09-02,store_all,peanut but,0.0007734597979833561,0,5.440156375949406,0.0,2
2024-09-02,store_all,peanut butt,0.0002525610875747781,0,3.3633411163705076,0.0,2
2024-09-02,store_all,peanut butter,0.0001466194938684423,0,3.575309308997921,0.0,2
2024-09-02,store_all,pec pie bar,0.00012666433006790619,0,4.554214937176936,0.0,2
2024-09-02,store_all,pecan,0.0002527965951473014,0,2.620608912428987,0.0,2
2024-09-02,store_all,pecan c-roll,0.00034425017061819263,0,6.080875044245702,0.0,2
2024-09-02,store_all,pecan pie,0.00013950740112426388,0,3.218324019015425,0.0,2
2024-09-02,store_all,pecan sug,0.00012666433006790619,0,4.554214937176936,0.0,2
2024-09-02,store_all,pep brown,0.00012666433006790619,0,4.554214937176936,0.0,2
2024-09-02,store_all,pep brownie,0.00012666433006790619,0,4.554214937176936,0.0,2
2024-09-02,store_all,pepp,0.0003365739973549638,0,2.9721994685885087,0.0,2
2024-09-02,store_all,pepp roll,0.0006306115278731486,0,3.645926913870437,0.0,2
2024-09-02,store_all,pest,0.0005114435193242488,0,2.851909935342858,0.0,2
2024-09-02,store_all,pest cg,0.00016443170813653027,0,4.554214937176936,0.0,2
2024-09-02,store_all,pesto cg,0.0001963679338190644,0,3.218324019015425,0.0,2
2024-09-02,store_all,pies pecan,0.00012666433006790619,0,4.554214937176936,0.0,2
2024-09-02,store_all,po frzr,0.00012666433006790619,0,4.554214937176936,0.0,2
2024-09-02,store_all,pop,0.0005448281821890767,0,2.620608912428987,0.0,2
2024-09-02,store_all,pop buns,0.00024552992418840574,0,2.620608912428987,0.0,2
2024-09-02,store_all,pum c-roll,0.000768058319135314,0,4.872414611407976,0.0,2
2024-09-02,store_all,pum choc,0.0003168275130557519,0,2.620608912428987,0.0,2
2024-09-02,store_all,pum crmb,0.00039334262033054586,0,2.620608912428987,0.0,2
2024-09-02,store_all,puma,0.0003775117397605618,0,2.8068061264459936,0.0,2
2024-09-02,store_all,pump,0.00036025535900824677,0,3.122013251252303,0.0,2
2024-09-02,store_all,pump bar,0.0005798589493559988,0,3.3243544523224755,0.0,2
2024-09-02,store_all,pump bars,0.0002504930604861534,0,2.7512658953629336,0.0,2
2024-09-02,store_all,pump c-r,0.0006124433909633384,0,4.757688625683932,0.0,2
2024-09-02,store_all,pump c-roll,0.0005937793500407511,0,4.1769414601134605,0.0,2
2024-09-02,store_all,pump c-rolls,0.0006055804252452984,0,4.686551136478189,0.0,2
2024-09-02,store_all,pump cc,0.0006592964508425716,0,4.114797160403093,0.0,2
2024-09-02,store_all,pump ch,0.0005412101035239862,0,3.283057571411758,0.0,2
2024-09-02,store_all,pump choc,0.000573545348130823,0,4.443298999313097,0.0,2
2024-09-02,store_all,pump choc chip,0.00012666433006790619,0,4.554214937176936,0.0,2
2024-09-02,store_all,pump cr,0.0004369387718576127,0,3.018734544050535,0.0,2
2024-09-02,store_all,pump crb,0.00034008139545020454,0,2.620608912428987,0.0,2
2024-09-02,store_all,pump cru,0.000498098519355557,0,2.620608912428987,0.0,2
2024-09-02,store_all,pump crumb,0.0006275464810631976,0,3.9167867849466016,0.0,2
2024-09-02,store_all,pump oh,0.00019178326065193968,0,3.218324019015425,0.0,2
2024-09-02,store_all,pump ohh,0.00024349508997407874,0,2.620608912428987,0.0,2
2024-09-02,store_all,pump ohhh,0.00015502080892842133,0,3.218324019015425,0.0,2
2024-09-02,store_all,pump pie,0.0001601865728462308,0,4.80161600980718,0.0,2
2024-09-02,store_all,pump pie sw,0.00018266029162005337,0,3.7921650785685643,0.0,2
2024-09-02,store_all,pump spice,0.0005247360109751299,0,2.758227146706759,0.0,2
2024-09-02,store_all,pump sw,0.0006167139509475079,0,3.642711763965511,0.0,2
2024-09-02,store_all,pump swl,0.00022562700519773173,0,2.766662068762981,0.0,2
2024-09-02,store_all,pump swrl,0.0005739043293666203,0,3.864277783781015,0.0,2
2024-09-02,store_all,pumpkin,0.00017579680454734436,0,3.150667295651783,0.0,2
2024-09-02,store_all,pumpkin bars,0.0007066232508894591,0,5.408281729819936,0.0,2
2024-09-02,store_all,pumpkin sp,0.00012666433006790619,0,4.554214937176936,0.0,2
2024-09-02,store_all,pumpkin spice,0.0009302132484767649,0,5.819211445382226,0.0,2
2024-09-02,store_all,pumpsug cr,0.00012666433006790619,0,4.554214937176936,0.0,2
2024-09-02,store_all,r w blue,0.0005445972497161635,0,4.386503565141622,0.0,2
2024-09-02,store_all,rasp cream,0.0002131884193759332,0,2.8080421200904238,0.0,2
2024-09-02,store_all,rasp-peach,0.00022824517760399504,0,2.7122792313149007,0.0,2
2024-09-02,store_all,rcro,0.00012666433006790619,0,4.554214937176936,0.0,2
2024-09-02,store_all,red velv,0.0004081553173006078,0,2.620608912428987,0.0,2
2024-09-02,store_all,red velvet,0.0006269223317136973,0,2.620608912428987,0.0,2
2024-09-02,store_all,rg,0.00018677584581351076,0,3.956499830590495,0.0,2
2024-09-02,store_all,rg sour,0.0004927325126895432,0,2.8997124389763376,0.0,2
2024-09-02,store_all,rh,0.00012666433006790619,0,4.554214937176936,0.0,2
2024-09-02,store_all,rhu stru,0.0006378642467148898,0,3.725118939069237,0.0,2
2024-09-02,store_all,rv heart,0.00035250646428935977,0,2.620608912428987,0.0,2
2024-09-02,store_all,rvs,0.00012666433006790619,0,4.554214937176936,0.0,2
2024-09-02,store_all,rw,0.000528589825127731,0,2.620608912428987,0.0,2
2024-09-02,store_all,rw blue,0.00022804985781364677,0,4.554214937176936,0.0,2
2024-09-02,store_all,rwb,0.00021352699299646166,0,4.905892626029412,0.0,2
2024-09-02,store_all,rwb streusel,0.0004852716206210644,0,2.620608912428987,0.0,2
2024-09-02,store_all,salted car,0.00012666433006790619,0,4.554214937176936,0.0,2
2024-09-02,store_all,salted caramel,0.0008984763197755378,0,5.541866631529671,0.0,2
2024-09-02,store_all,salted carm,0.0005849518625311667,0,4.320614408342028,0.0,2
2024-09-02,store_all,savory roll,0.00012666433006790619,0,4.554214937176936,0.0,2
2024-09-02,store_all,sb sour pie,0.00012666433006790619,0,4.554214937176936,0.0,2
2024-09-02,store_all,scones,0.00012666433006790619,0,4.554214937176936,0.0,2
2024-09-02,store_all,smores,0.000570086320065431,0,2.8722831497505443,0.0,2
2024-09-02,store_all,snickedoodle,0.0002257613219989388,0,4.813700762687874,0.0,2
2024-09-02,store_all,snicker,0.0009923061266102857,0,6.963557591311118,0.0,2
2024-09-02,store_all,snickerdoodle,0.0005242974706906961,0,4.445467992185453,0.0,2
2024-09-02,store_all,sno leop,0.00024594569683946885,0,3.218324019015425,0.0,2
2024-09-02,store_all,so,0.0006526121734445556,0,3.314287702503625,0.0,2
2024-09-02,store_all,so-rls,0.00013771399141028427,0,3.218324019015425,0.0,2
2024-09-02,store_all,son,0.00012666433006790619,0,4.554214937176936,0.0,2
2024-09-02,store_all,sonoma,0.0005601019993379568,0,3.194449971982126,0.0,2
2024-09-02,store_all,sour,0.0007204516077981343,0,4.064901543759306,0.0,2
2024-09-02,store_all,sour 3c,0.00020540154240217666,0,4.554214937176936,0.0,2
2024-09-02,store_all,sour borg,0.00033571821180367403,0,2.620608912428987,0.0,2
2024-09-02,store_all,sour cc,0.00040819689974352257,0,2.620608912428987,0.0,2
2024-09-02,store_all,sour cj,0.00017735834337642725,0,3.218324019015425,0.0,2
2024-09-02,store_all,sour jc,0.00022942247595768962,0,2.620608912428987,0.0,2
2024-09-02,store_all,sour rg,0.00020540154240217666,0,4.554214937176936,0.0,2
2024-09-02,store_all,sour-tl,0.0007289557562500745,0,5.193847817983238,0.0,2
2024-09-02,store_all,sourdough,0.0006185886273956782,0,3.313912150380648,0.0,2
2024-09-02,store_all,spider,0.0002463539736760688,0,2.620608912428987,0.0,2
2024-09-02,store_all,spiders,0.00036791033682668725,0,2.65959557647702,0.0,2
2024-09-02,store_all,ss swirl,0.000230994830237253,0,4.474456521690269,0.0,2
2024-09-02,store_all,ss swrl,0.0005700675693115193,0,2.839970782941401,0.0,2
2024-09-02,store_all,ssswirl,0.00012666433006790619,0,4.554214937176936,0.0,2
2024-09-02,store_all,st nicker,0.0008724853991477075,0,5.987411673639277,0.0,2
2024-09-02,store_all,st nickerdo,0.00012666433006790619,0,4.554214937176936,0.0,2
2024-09-02,store_all,st sp sw,0.0004987046375234788,0,5.052380606652795,0.0,2
2024-09-02,store_all,str blue,0.00012666433006790619,0,4.554214937176936,0.0,2
2024-09-02,store_all,str peach,0.00013950740112426388,0,3.218324019015425,0.0,2
2024-09-02,store_all,str rhu,0.0002679692241360797,0,2.8711021477141307,0.0,2
2024-09-02,store_all,str rhub,0.00020256758319323886,0,2.766662068762981,0.0,2
2024-09-02,store_all,str short,0.00044908786131530963,0,2.620608912428987,0.0,2
2024-09-02,store_all,str shr,0.00012666433006790619,0,4.554214937176936,0.0,2
2024-09-02,store_all,straw,0.00043594095703393756,0,2.620608912428987,0.0,2
2024-09-02,store_all,straw blue,0.00041583462521305225,0,2.620608912428987,0.0,2
2024-09-02,store_all,straw peach,0.00018691984849679316,0,3.318684502610036,0.0,2
2024-09-02,store_all,straw rhub,0.0007680812251771984,0,4.9245388280016416,0.0,2
2024-09-02,store_all,straw sh,0.000639883595227189,0,2.620608912428987,0.0,2
2024-09-02,store_all,straw short,0.0003515470024014987,0,2.620608912428987,0.0,2
2024-09-02,store_all,stuf,0.00028813120476471794,0,3.6947654764828255,0.0,2
2024-09-02,store_all,stuffing,0.0004004615514938201,0,3.880015924779617,0.0,2
2024-09-02,store_all,sugar cream,0.00033642451576238694,0,2.7122792313149007,0.0,2
2024-09-02,store_all,sugar pie,0.00012666433006790619,0,4.554214937176936,0.0,2
2024-09-02,store_all,take-n-bake,0.00012666433006790619,0,4.554214937176936,0.0,2
2024-09-02,store_all,tcc heart,0.00031721353828853267,0,3.956499830590495,0.0,2
2024-09-02,store_all,tea cakes,0.00012666433006790619,0,4.554214937176936,0.0,2
2024-09-02,store_all,totals,0.004255379219187819,0,29.535521871633584,0.0,2
2024-09-02,store_all,tree,0.00012666433006790619,0,4.554214937176936,0.0,2
2024-09-02,store_all,treebut,0.00012666433006790619,0,4.554214937176936,0.0,2
2024-09-02,store_all,treeh,0.00012666433006790619,0,4.554214937176936,0.0,2
2024-09-02,store_all,treevs,0.00012666433006790619,0,4.554214937176936,0.0,2
2024-09-02,store_all,triple berry,0.0005580867581312936,0,2.766662068762981,0.0,2
2024-09-02,store_all,triple cc,0.0009128449223517921,0,6.446112240115737,0.0,2
2024-09-02,store_all,triple choc,0.0005030293668723882,0,5.326955502264536,0.0,2
2024-09-02,store_all,ts,0.00019098109268262046,0,3.218324019015425,0.0,2
2024-09-02,store_all,turkey,0.0002607975106706025,0,3.6241478716103104,0.0,2
2024-09-02,store_all,turkeys,0.0004071574583304785,0,4.171415585731828,0.0,2
2024-09-02,store_all,turtle,0.0007299108859329062,0,5.933957136757989,0.0,2
2024-09-02,store_all,va swirl,0.0010368442657636573,0,6.028696168271431,0.0,2
2024-09-02,store_all,va swrl,0.000612243822631543,0,2.7151358075600798,0.0,2
2024-09-02,store_all,van alm,0.00012666433006790619,0,4.554214937176936,0.0,2
2024-09-02,store_all,vaswrl,0.000366584916932639,0,3.3655176896892685,0.0,2
2024-09-02,store_all,vmwc cran,0.00012666433006790619,0,4.554214937176936,0.0,2
2024-09-02,store_all,vmwcc,0.00012666433006790619,0,4.554214937176936,0.0,2
2024-09-02,store_all,vs,0.0003551983066403631,0,2.620608912428987,0.0,2
2024-09-02,store_all,vs buns,0.0002878557476820692,0,3.218324019015425,0.0,2
2024-09-02,store_all,vs pep rl,0.00018390215234118042,0,3.653640532477611,0.0,2
2024-09-02,store_all,vs-buns,0.00036875000539661815,0,2.620608912428987,0.0,2
2024-09-02,store_all,vs-rls,0.00023767780833753384,0,2.7512658953629336,0.0,2
2024-09-02,store_all,w,0.00031180153029151725,0,3.995486494638527,0.0,2
2024-09-02,store_all,wc,0.00012666433006790619,0,4.554214937176936,0.0,2
2024-09-02,store_all,witch f,0.00012666433006790619,0,4.554214937176936,0.0,2
2024-09-02,store_all,wreath,0.0002372570697146113,0,3.218324019015425,0.0,2
